词	读音	含义	级别	词性	题材
僕	ぼく	我（男性）	N4	noun	社会新闻
俺	おれ	我（男性口语）	N1	noun	社会新闻
あなた	あなた	你	N5	noun	社会新闻
彼	かれ	他/男朋友	N4	noun	社会新闻
彼女	かのじょ	她/女朋友	N4	noun	社会新闻
皆さん	みなさん	大家（礼貌）	N5	noun	社会新闻
親友	しんゆう	挚友	N3	noun	社会新闻
仲間	なかま	伙伴	N3	noun	社会新闻
知り合い	しりあい	认识的人	N2	noun	社会新闻
恋人	こいびと	恋人	N3	noun	社会新闻
夫	おっと	丈夫	N4	noun	社会新闻
妻	つま	妻子	N4	noun	社会新闻
旦那	だんな	老公（口语）	N1	noun	社会新闻
奥さん	おくさん	太太	N5	noun	社会新闻
両親	りょうしん	父母	N5	noun	社会新闻
お父さん	おとうさん	爸爸	N5	noun	社会新闻
お母さん	おかあさん	妈妈	N5	noun	社会新闻
兄	あに	哥哥	N5	noun	社会新闻
姉	あね	姐姐	N5	noun	社会新闻
弟	おとうと	弟弟	N5	noun	社会新闻
妹	いもうと	妹妹	N5	noun	社会新闻
お兄さん	おにいさん	哥哥（称呼）	N5	noun	社会新闻
お姉さん	おねえさん	姐姐（称呼）	N5	noun	社会新闻
息子	むすこ	儿子	N4	noun	社会新闻
赤ちゃん	あかちゃん	婴儿	N4	noun	社会新闻
孫	まご	孙子/孙女	N3	noun	社会新闻
祖父	そふ	祖父/外祖父	N4	noun	社会新闻
祖母	そぼ	祖母/外祖母	N4	noun	社会新闻
おじいさん	おじいさん	爷爷（称呼）	N5	noun	社会新闻
おばあさん	おばあさん	奶奶（称呼）	N5	noun	社会新闻
おじさん	おじさん	叔叔/大叔	N5	noun	社会新闻
おばさん	おばさん	阿姨/大妈	N5	noun	社会新闻
親戚	しんせき	亲戚	N3	noun	社会新闻
隣人	りんじん	邻居	N3	noun	社会新闻
大人	おとな	大人；成年人	N5	noun	社会新闻
老人	ろうじん	老人	N3	noun	社会新闻
男性	だんせい	男性	N4	noun	社会新闻
女性	じょせい	女性	N4	noun	社会新闻
男の子	おとこのこ	男孩	N5	noun	社会新闻
女の子	おんなのこ	女孩	N5	noun	社会新闻
弁護士	べんごし	律师	N3	noun	社会新闻
政治家	せいじか	政治家	N3	noun	社会新闻
芸能人	げいのうじん	艺人	N3	noun	社会新闻
選手	せんしゅ	选手	N3	noun	社会新闻
犯人	はんにん	犯人	N3	noun	社会新闻
被害者	ひがいしゃ	受害者	N3	noun	社会新闻
関係者	かんけいしゃ	相关人员	N3	noun	社会新闻
参加者	さんかしゃ	参加者	N3	noun	社会新闻
利用者	りようしゃ	使用者	N3	noun	社会新闻
独身	どくしん	单身	N3	noun	社会新闻
昔	むかし	以前/从前	N4	noun	社会新闻
将来	しょうらい	将来	N4	noun	社会新闻
現在	げんざい	现在/目前	N3	noun	社会新闻
一昨日	おととい	前天	N5	noun	社会新闻
明後日	あさって	后天	N5	noun	社会新闻
今朝	けさ	今早	N5	noun	社会新闻
今晩	こんばん	今晚	N5	noun	社会新闻
夜中	よなか	半夜	N3	noun	社会新闻
毎年	まいとし	每年	N5	noun	社会新闻
今月	こんげつ	这个月	N5	noun	社会新闻
去年	きょねん	去年	N5	noun	社会新闻
再来年	さらいねん	后年	N5	noun	社会新闻
一昨年	おととし	前年	N2	noun	社会新闻
祝日	しゅくじつ	法定假日	N2	noun	社会新闻
連休	れんきゅう	连休	N1	noun	社会新闻
月曜日	げつようび	星期一	N5	noun	社会新闻
火曜日	かようび	星期二	N5	noun	社会新闻
水曜日	すいようび	星期三	N5	noun	社会新闻
木曜日	もくようび	星期四	N5	noun	社会新闻
金曜日	きんようび	星期五	N5	noun	社会新闻
土曜日	どようび	星期六	N5	noun	社会新闻
日曜日	にちようび	星期日	N5	noun	社会新闻
時期	じき	时期	N3	noun	社会新闻
直後	ちょくご	之后/紧接后	N2	noun	社会新闻
最中	さいちゅう	正当中	N3	noun	社会新闻
翌日	よくじつ	第二天	N3	noun	社会新闻
交番	こうばん	派出所	N5	noun	社会新闻
景気	けいき	景气；经济形势	N3	noun	社会新闻
株	かぶ	股票	N3	noun	社会新闻
平和	へいわ	和平	N3	noun	社会新闻
戦争	せんそう	战争	N4	noun	社会新闻
事件	じけん	事件	N3	noun	社会新闻
伝統	でんとう	传统	N3	noun	社会新闻
宗教	しゅうきょう	宗教	N3	noun	社会新闻
少子化	しょうしか	少子化	N3	noun	社会新闻
高齢化	こうれいか	老龄化	N3	noun	社会新闻
差別	さべつ	歧视	N3	noun	社会新闻
平等	びょうどう	平等	N3	noun	社会新闻
寄付	きふ	捐款	N3	noun	社会新闻
新聞	しんぶん	报纸	N5	noun	社会新闻
記事	きじ	报道/文章	N3	noun	社会新闻
統計	とうけい	统计	N2	noun	社会新闻
議論	ぎろん	讨论	N3	noun	社会新闻
可能性	かのうせい	可能性	N3	noun	社会新闻
責任	せきにん	责任	N3	noun	社会新闻
気分	きぶん	心情；气氛	N4	noun	社会新闻
感情	かんじょう	感情	N3	noun	社会新闻
愛	あい	爱	N3	noun	社会新闻
恋	こい	恋爱	N3	noun	社会新闻
幸せ	しあわせ	幸福	N3	noun	社会新闻
不幸	ふこう	不幸	N3	noun	社会新闻
喜び	よろこび	喜悦	N3	noun	社会新闻
悲しみ	かなしみ	悲伤	N3	noun	社会新闻
恐怖	きょうふ	恐惧	N3	noun	社会新闻
心配	しんぱい	担心	N4	noun	社会新闻
驚き	おどろき	惊讶	N3	noun	社会新闻
覚悟	かくご	觉悟	N3	noun	社会新闻
絶望	ぜつぼう	绝望	N3	noun	社会新闻
期待	きたい	期待	N3	noun	社会新闻
失望	しつぼう	失望	N3	noun	社会新闻
興味	きょうみ	兴趣	N4	noun	社会新闻
好奇心	こうきしん	好奇心	N3	noun	社会新闻
やる気	やるき	干劲	N3	noun	社会新闻
根性	こんじょう	毅力/骨气	N3	noun	社会新闻
プライド	プライド	自尊心	N3	noun	社会新闻
コンプレックス	コンプレックス	自卑感	N3	noun	社会新闻
リラックス	リラックス	放松	N3	noun	社会新闻
記憶	きおく	记忆	N3	noun	社会新闻
夢	ゆめ	梦/梦想	N4	noun	社会新闻
目的	もくてき	目的	N3	noun	社会新闻
理想	りそう	理想	N3	noun	社会新闻
真実	しんじつ	真实	N1	noun	社会新闻
嘘	うそ	谎言	N4	noun	社会新闻
秘密	ひみつ	秘密	N3	noun	社会新闻
裏切り	うらぎり	背叛	N3	noun	社会新闻
偏見	へんけん	偏见	N1	noun	社会新闻
価値観	かちかん	价值观	N3	noun	社会新闻
考え方	かんがえかた	想法/思维方式	N3	noun	社会新闻
生き方	いきかた	生活方式	N3	noun	社会新闻
運命	うんめい	命运	N1	noun	社会新闻
運	うん	运气	N3	noun	社会新闻
チャンス	チャンス	机会	N3	noun	社会新闻
冒険	ぼうけん	冒险	N3	noun	社会新闻
工夫	くふう	下功夫想办法	N2	noun	社会新闻
コツ	コツ	诀窍	N3	noun	社会新闻
建前	たてまえ	场面话	N1	noun	社会新闻
状態	じょうたい	状态	N3	noun	社会新闻
基準	きじゅん	标准	N2	noun	社会新闻
程度	ていど	程度	N3	noun	社会新闻
割合	わりあい	比例	N4	noun	社会新闻
分野	ぶんや	领域	N3	noun	社会新闻
きずな	きずな	羁绊	N3	noun	社会新闻
出会い	であい	相遇	N3	noun	社会新闻
別れ	わかれ	离别	N3	noun	社会新闻
過程	かてい	过程	N3	noun	社会新闻
結論	けつろん	结论	N3	noun	社会新闻
映画	えいが	电影	N5	noun	社会新闻
ドラマ	ドラマ	电视剧	N3	noun	社会新闻
アニメ	アニメ	动漫	N3	noun	社会新闻
漫画	まんが	漫画	N4	noun	社会新闻
歌	うた	歌	N5	noun	社会新闻
曲	きょく	曲子	N3	noun	社会新闻
ライブ	ライブ	现场演出	N3	noun	社会新闻
コンサート	コンサート	演唱会	N4	noun	社会新闻
絵	え	画；图画	N5	noun	社会新闻
芸術	げいじゅつ	艺术	N3	noun	社会新闻
番組	ばんぐみ	（电视/广播）节目	N4	noun	社会新闻
推し	おし	推/喜欢的偶像	N3	noun	社会新闻
ファン	ファン	粉丝	N1	noun	社会新闻
グローバル	グローバル	全球化	N3	noun	社会新闻
サステナブル	サステナブル	可持续	N3	noun	社会新闻
ダイバーシティ	ダイバーシティ	多样性	N3	noun	社会新闻
リサイクル	リサイクル	回收利用	N3	noun	社会新闻
首相	しゅしょう	首相	N3	noun	社会新闻
大臣	だいじん	大臣；部长	N3	noun	社会新闻
被害	ひがい	受灾/损害	N3	noun	社会新闻
復旧	ふっきゅう	恢复	N1	noun	社会新闻
避難	ひなん	避难	N1	noun	社会新闻
物価	ぶっか	物价	N3	noun	社会新闻
輸出	ゆしゅつ	出口	N4	noun	社会新闻
輸入	ゆにゅう	进口	N4	noun	社会新闻
訪問	ほうもん	访问	N3	noun	社会新闻
条約	じょうやく	条约	N1	noun	社会新闻
噴火	ふんか	火山喷发	N2	noun	社会新闻
断水	だんすい	停水	N2	noun	社会新闻
いい/良い	いい/よい	好的	N5	noun	社会新闻
うるさい	うるさい	吵的	N5	noun	社会新闻
つまらない	つまらない	无聊的	N5	noun	社会新闻
悲しい	かなしい	悲伤的	N4	noun	社会新闻
悔しい	くやしい	不甘心的	N3	noun	社会新闻
羨ましい	うらやましい	羡慕的	N3	noun	社会新闻
珍しい	めずらしい	稀奇的	N4	noun	社会新闻
素晴らしい	すばらしい	极好的	N4	noun	社会新闻
格好いい	かっこいい	帅的	N4	noun	社会新闻
すごい	すごい	厉害的	N4	noun	社会新闻
やばい	やばい	糟了/太厉害了	N3	noun	社会新闻
偉い	えらい	了不起的	N2	noun	社会新闻
幼い	おさない	幼小的	N3	noun	社会新闻
みっともない	みっともない	丢人的	N2	noun	社会新闻
ありがたい	ありがたい	感激的/难得的	N3	noun	社会新闻
情けない	なさけない	可悲的/窝囊的	N2	noun	社会新闻
切ない	せつない	心酸的	N1	noun	社会新闻
腹立たしい	はらだたしい	令人气愤的	N2	noun	社会新闻
好ましい	このましい	令人喜欢的	N1	noun	社会新闻
素直	すなお	坦诚的	N2	noun	社会新闻
一般的	いっぱんてき	一般的	N3	noun	社会新闻
個人的	こじんてき	个人的	N3	noun	社会新闻
魅力的	みりょくてき	有魅力的	N2	noun	社会新闻
常識的	じょうしきてき	合常识的	N2	noun	社会新闻
代表的	だいひょうてき	代表性的	N2	noun	社会新闻
圧倒的	あっとうてき	压倒性的	N2	noun	社会新闻
変	へん	奇怪的	N4	noun	社会新闻
微妙	びみょう	微妙的/不太行	N3	noun	社会新闻
特別	とくべつ	特别的	N4	noun	社会新闻
当然	とうぜん	当然的	N3	noun	社会新闻
盛ん	さかん	繁盛的/旺盛的	N4	noun	社会新闻
頑固	がんこ	固执的	N1	noun	社会新闻
穏やか	おだやか	温和的	N3	noun	社会新闻
貧しい	まずしい	贫穷的	N3	noun	社会新闻
乱暴	らんぼう	粗暴	N2	noun	社会新闻
夢中	むちゅう	入迷；热衷	N3	noun	社会新闻
退屈	たいくつ	无聊	N3	noun	社会新闻
平気	へいき	满不在乎的	N2	noun	社会新闻
新た	あらた	新的/重新的	N3	noun	社会新闻
まとも	まとも	正经的/像样的	N2	noun	社会新闻
男	おとこ	男性	N5	noun	社会新闻
女	おんな	女性	N5	noun	社会新闻
兄弟	きょうだい	兄弟姐妹	N5	noun	社会新闻
誕生日	たんじょうび	生日	N5	noun	社会新闻
お正月	おしょうがつ	新年	N5	noun	社会新闻
クリスマス	くりすます	圣诞节	N5	noun	社会新闻
歌う	うたう	唱歌	N5	noun	社会新闻
弾く	ひく	弹奏	N5	noun	社会新闻
大好き	だいすき	非常喜欢	N5	noun	社会新闻
嫌い	きらい	讨厌	N5	noun	社会新闻
遠慮	えんりょ	客气；顾虑	N4	noun	社会新闻
お祝い	おいわい	祝贺	N4	noun	社会新闻
お礼	おれい	感谢	N4	noun	社会新闻
神様	かみさま	神	N4	noun	社会新闻
喧嘩	けんか	吵架；打架	N4	noun	社会新闻
新聞社	しんぶんしゃ	报社	N4	noun	社会新闻
すり	すり	扒手	N4	noun	社会新闻
投げる	なげる	扔	N4	noun	社会新闻
盗む	ぬすむ	偷	N4	noun	社会新闻
拝見	はいけん	拜见（谦）	N4	noun	社会新闻
褒める	ほめる	表扬	N4	noun	社会新闻
参る	まいる	去/来（谦）	N4	noun	社会新闻
思い出す	おもいだす	想起	N4	noun	社会新闻
騒ぐ	さわぐ	吵闹	N4	noun	社会新闻
信じる	しんじる	相信	N4	noun	社会新闻
市民	しみん	市民	N3	noun	社会新闻
政治	せいじ	政治	N3	noun	社会新闻
性格	せいかく	性格	N3	noun	社会新闻
現れる	あらわれる	出现	N3	noun	社会新闻
疑う	うたがう	怀疑	N3	noun	社会新闻
戦う	たたかう	战斗	N3	noun	社会新闻
逃げる	にげる	逃跑	N3	noun	社会新闻
離れる	はなれる	离开	N3	noun	社会新闻
許す	ゆるす	原谅	N3	noun	社会新闻
喜ぶ	よろこぶ	高兴	N3	noun	社会新闻
結婚式	けっこんしき	婚礼	N3	noun	社会新闻
現象	げんしょう	现象	N3	noun	社会新闻
活動	かつどう	活动	N3	noun	社会新闻
叫ぶ	さけぶ	叫喊	N3	noun	社会新闻
恐ろしい	おそろしい	可怕的	N3	noun	社会新闻
貴重	きちょう	珍贵的	N3	noun	社会新闻
決して	けっして	绝不	N3	noun	社会新闻
わざわざ	わざわざ	特意	N3	noun	社会新闻
うっかり	うっかり	不小心	N3	noun	社会新闻
とにかく	とにかく	总之	N3	noun	社会新闻
のんびり	のんびり	悠闲地	N3	noun	社会新闻
めったに	めったに	很少	N3	noun	社会新闻
外交	がいこう	外交	N2	noun	社会新闻
憲法	けんぽう	宪法	N2	noun	社会新闻
被告	ひこく	被告	N2	noun	社会新闻
実態	じったい	实际情况	N2	noun	社会新闻
演奏	えんそう	演奏	N2	noun	社会新闻
報道	ほうどう	报道	N2	noun	社会新闻
取材	しゅざい	采访	N2	noun	社会新闻
世論	せろん	舆论	N2	noun	社会新闻
見解	けんかい	见解	N2	noun	社会新闻
根本	こんぽん	根本	N2	noun	社会新闻
側面	そくめん	侧面	N2	noun	社会新闻
要因	よういん	原因	N2	noun	社会新闻
葛藤	かっとう	纠结	N2	noun	社会新闻
信念	しんねん	信念	N2	noun	社会新闻
志	こころざし	志向	N2	noun	社会新闻
誇り	ほこり	骄傲	N2	noun	社会新闻
知人	ちじん	熟人	N2	noun	社会新闻
あきれる	あきれる	惊呆	N2	noun	社会新闻
暴れる	あばれる	暴乱	N2	noun	社会新闻
甘える	あまえる	撒娇	N2	noun	社会新闻
抱く	いだく	怀抱	N2	noun	社会新闻
裏切る	うらぎる	背叛	N2	noun	社会新闻
怯える	おびえる	害怕	N2	noun	社会新闻
及ぼす	およぼす	影响到	N2	noun	社会新闻
廃れる	すたれる	衰退	N2	noun	社会新闻
背く	そむく	违背	N2	noun	社会新闻
称える	たたえる	称赞	N2	noun	社会新闻
伴う	ともなう	伴随	N2	noun	社会新闻
悔やむ	くやむ	后悔	N2	noun	社会新闻
覆す	くつがえす	推翻	N2	noun	社会新闻
生じる	しょうじる	产生	N2	noun	社会新闻
絶つ	たつ	断绝	N2	noun	社会新闻
陥る	おちいる	陷入	N2	noun	社会新闻
偏る	かたよる	偏向	N2	noun	社会新闻
滅びる	ほろびる	灭亡	N2	noun	社会新闻
惑わす	まどわす	迷惑	N2	noun	社会新闻
報いる	むくいる	报答	N2	noun	社会新闻
あっけない	あっけない	太简单	N2	noun	社会新闻
痛ましい	いたましい	悲惨的	N2	noun	社会新闻
疎い	うとい	不熟悉的	N2	noun	社会新闻
儚い	はかない	虚幻的	N2	noun	社会新闻
甚だしい	はなはだしい	非常的	N2	noun	社会新闻
目覚ましい	めざましい	惊人的	N2	noun	社会新闻
露骨	ろこつ	露骨的	N2	noun	社会新闻
顕著	けんちょ	显著的	N2	noun	社会新闻
膨大	ぼうだい	庞大的	N2	noun	社会新闻
希薄	きはく	稀薄的	N2	noun	社会新闻
切実	せつじつ	切实的	N2	noun	社会新闻
鮮明	せんめい	鲜明	N2	noun	社会新闻
多大	ただい	巨大的	N2	noun	社会新闻
画期的	かっきてき	划时代的	N2	noun	社会新闻
あえて	あえて	敢于	N2	noun	社会新闻
あくまで	あくまで	始终	N2	noun	社会新闻
案の定	あんのじょう	果然	N2	noun	社会新闻
一概に	いちがいに	一概而论	N2	noun	社会新闻
一気に	いっきに	一口气	N2	noun	社会新闻
概ね	おおむね	大体上	N2	noun	社会新闻
思い切り	おもいきり	尽情	N2	noun	社会新闻
辛うじて	かろうじて	勉强	N2	noun	社会新闻
極めて	きわめて	极其	N2	noun	社会新闻
ことごとく	ことごとく	全都	N2	noun	社会新闻
自ずと	おのずと	自然而然	N2	noun	社会新闻
直ちに	ただちに	立即	N2	noun	社会新闻
到底	とうてい	无论如何	N2	noun	社会新闻
ひとまず	ひとまず	暂且	N2	noun	社会新闻
冠婚葬祭	かんこんそうさい	婚丧嫁娶；红白喜事	N2	noun	社会新闻
交際	こうさい	交往	N2	noun	社会新闻
噂	うわさ	传闻	N2	noun	社会新闻
愚痴	ぐち	抱怨	N2	noun	社会新闻
言い訳	いいわけ	借口	N2	noun	社会新闻
事態	じたい	事态	N2	noun	社会新闻
低下	ていか	下降	N2	noun	社会新闻
混乱	こんらん	混乱	N2	noun	社会新闻
崩壊	ほうかい	崩溃	N2	noun	社会新闻
復興	ふっこう	复兴	N2	noun	社会新闻
援助	えんじょ	援助	N2	noun	社会新闻
貢献	こうけん	贡献	N2	noun	社会新闻
開催	かいさい	举办	N2	noun	社会新闻
人物	じんぶつ	人物	N2	noun	社会新闻
意志	いし	意志	N2	noun	社会新闻
意識	いしき	意识	N2	noun	社会新闻
直感	ちょっかん	直觉	N2	noun	社会新闻
絆	きずな	羁绊	N2	noun	社会新闻
恩	おん	恩情	N2	noun	社会新闻
義理	ぎり	人情	N2	noun	社会新闻
礼儀	れいぎ	礼仪	N2	noun	社会新闻
実情	じつじょう	实情	N2	noun	社会新闻
失う	うしなう	失去	N2	noun	社会新闻
訴える	うったえる	诉说	N2	noun	社会新闻
恐れる	おそれる	恐惧	N2	noun	社会新闻
乾かす	かわかす	弄干	N2	noun	社会新闻
絡む	からむ	纠缠	N2	noun	社会新闻
崩れる	くずれる	崩塌	N2	noun	社会新闻
くっつく	くっつく	贴上	N2	noun	社会新闻
さっぱりする	さっぱりする	清爽	N2	noun	社会新闻
染みる	しみる	渗透	N2	noun	社会新闻
突っ込む	つっこむ	冲入；吐槽	N2	noun	社会新闻
つまずく	つまずく	绊倒	N2	noun	社会新闻
取り除く	とりのぞく	去除	N2	noun	社会新闻
なじむ	なじむ	融入	N2	noun	社会新闻
跳ね返す	はねかえす	弹回	N2	noun	社会新闻
見守る	みまもる	守护	N2	noun	社会新闻
養う	やしなう	养育	N2	noun	社会新闻
譲る	ゆずる	让	N2	noun	社会新闻
著しい	いちじるしい	显著的	N2	noun	社会新闻
潔い	いさぎよい	干脆的	N2	noun	社会新闻
押しい	おしい	可惜的	N2	noun	社会新闻
険しい	けわしい	险峻的	N2	noun	社会新闻
逞しい	たくましい	强壮的	N2	noun	社会新闻
空しい	むなしい	空虚的	N2	noun	社会新闻
喜ばしい	よろこばしい	可喜的	N2	noun	社会新闻
寛大	かんだい	宽大的	N2	noun	社会新闻
大幅	おおはば	大幅的	N2	noun	社会新闻
一方的	いっぽうてき	单方面的	N2	noun	社会新闻
慢性的	まんせいてき	慢性的	N2	noun	社会新闻
あらかじめ	あらかじめ	事先	N2	noun	社会新闻
一段と	いちだんと	更加	N2	noun	社会新闻
一斉に	いっせいに	一齐	N2	noun	社会新闻
おのずから	おのずから	自然而然	N2	noun	社会新闻
思い切って	おもいきって	下定决心	N2	noun	社会新闻
片っ端から	かたっぱしから	逐一	N2	noun	社会新闻
仮に	かりに	假设	N2	noun	社会新闻
ことさら	ことさら	特意	N2	noun	社会新闻
さぞ	さぞ	想必	N2	noun	社会新闻
しきりに	しきりに	不断地	N2	noun	社会新闻
少なくとも	すくなくとも	至少	N2	noun	社会新闻
絶えず	たえず	不断	N2	noun	社会新闻
単に	たんに	仅仅	N2	noun	社会新闻
徐々に	じょじょに	渐渐	N2	noun	社会新闻
てっきり	てっきり	以为	N2	noun	社会新闻
なおさら	なおさら	更加	N2	noun	社会新闻
軒並み	のきなみ	一律	N2	noun	社会新闻
果たして	はたして	果然	N2	noun	社会新闻
やむを得ず	やむをえず	不得已	N2	noun	社会新闻
外国人	がいこくじん	外国人	N5	noun	社会新闻
かぶる	かぶる	戴（帽子）；被覆盖	N5	noun	社会新闻
結婚	けっこん (する)	结婚	N5	noun	社会新闻
九日	ここのか	九天；九号	N5	noun	社会新闻
こっち	こっち	这边；这个人	N5	noun	社会新闻
さ来年	さらいねん	后年	N5	noun	社会新闻
七つ	ななつ	七个	N5	noun	社会新闻
二十歳	はたち	二十岁	N5	noun	社会新闻
半分	はんぶん	一半	N5	noun	社会新闻
二日	ふつか	两天；二号	N5	noun	社会新闻
夕飯	ゆうはん	晚餐	N5	noun	社会新闻
りっぱ	りっぱ	很好	N5	noun	社会新闻
とうとう	とうとう	终于；到底	N4	noun	社会新闻
やはり; やっぱり	やはり; やっぱり	果然；还是	N4	noun	社会新闻
折る	おる	打破；to bend	N4	noun	社会新闻
壊す	こわす	打破	N4	noun	社会新闻
床屋	とこや	理发店	N4	noun	社会新闻
止む	やむ	停止	N4	noun	社会新闻
非常に	ひじょうに	extremely；非常	N4	noun	社会新闻
失礼	しつれい	失礼；打扰了	N4	noun	社会新闻
いらっしゃる	いらっしゃる	在；来；去（尊敬语）	N4	noun	社会新闻
泥棒	どろぼう	小偷	N4	noun	社会新闻
すると	すると	于是；那么	N4	noun	社会新闻
ちっとも	ちっとも	一点也不	N4	noun	社会新闻
落る	おちる	掉落	N4	noun	社会新闻
それに	それに	而且；况且	N4	noun	社会新闻
だから	だから	所以；因此	N4	noun	社会新闻
けんかする	けんかする	吵架	N4	noun	社会新闻
なさる	なさる	做（尊敬语）	N4	noun	社会新闻
おかしい	おかしい	奇怪的；可笑的	N4	noun	社会新闻
または	または	或者	N4	noun	社会新闻
アナウンサー	アナウンサー	播音员	N4	noun	社会新闻
招待	しょうたいする	招待；邀请	N4	noun	社会新闻
ごらんになる	ごらんになる	看（尊敬语）	N4	noun	社会新闻
よろしい	よろしい	好的（敬语）	N4	noun	社会新闻
写す	うつす	复制；to photograph	N4	noun	社会新闻
火事	かじ	火灾	N4	noun	社会新闻
彼ら	かれら	他们	N4	noun	社会新闻
あんな	あんな	这样的	N4	noun	社会新闻
随分	ずいぶん	相当地	N4	noun	社会新闻
びっくりする	びっくりする	吃惊	N4	noun	社会新闻
おいでになる	おいでになる	在；存在	N4	noun	社会新闻
お金持ち	かねもち; おかねもち	有钱人	N4	noun	社会新闻
それほど	それほど	那么；那种程度	N4	noun	社会新闻
堅; 硬; 固い	かたい	硬的；坚固的	N4	noun	社会新闻
それで	それで	所以；于是	N4	noun	社会新闻
そんなに	そんなに	那么地	N4	noun	社会新闻
なるほど	なるほど	原来如此	N4	noun	社会新闻
くださる	くださる	给（尊敬语）	N4	noun	社会新闻
ご存じ	ごぞんじ	知道（尊敬语）	N4	noun	社会新闻
久しぶり	ひさしぶり	好久不见	N4	noun	社会新闻
この間	このあいだ	前几天	N4	noun	社会新闻
かまう	かまう	在意；介意	N4	noun	社会新闻
回る、回す	まわる、まわす	转；绕	N4	noun	社会新闻
おっしゃる	おっしゃる	说（尊敬语）	N4	noun	社会新闻
けれど; けれども	けれど; けれども	但是；虽然	N4	noun	社会新闻
役に立つ	やくにたつ	有用	N4	noun	社会新闻
もうすぐ	もうすぐ	马上；就要	N4	noun	社会新闻
真中	まんなか	正中间	N4	noun	社会新闻
込む	こむ	拥挤	N4	noun	社会新闻
この頃	このごろ	最近	N4	noun	社会新闻
お陰	おかげ	多亏；托福	N4	noun	社会新闻
木綿	もめん	棉花	N4	noun	社会新闻
家内	かない	妻子（谦逊）	N4	noun	社会新闻
これから	これから	从现在起	N4	noun	社会新闻
作法	さほう	礼仪；做法	N3	noun	社会新闻
左右	さゆう	左右；影响	N3	noun	社会新闻
去る	さる	离开	N3	noun	社会新闻
騒ぎ	さわぎ	骚动；喧闹	N3	noun	社会新闻
ジーンズ	ジーンズ	牛仔裤	N3	noun	社会新闻
四角	しかく	四方形	N3	noun	社会新闻
直に	じかに	直接地；马上	N3	noun	社会新闻
事情	じじょう	事情	N3	noun	社会新闻
自身	じしん	自身	N3	noun	社会新闻
思想	しそう	思想	N3	noun	社会新闻
次第	しだい	顺序；要看…而定	N3	noun	社会新闻
親しい	したしい	亲密的	N3	noun	社会新闻
実に	じつに	确实	N3	noun	社会新闻
実は	じつは	其实	N3	noun	社会新闻
支配	しはい	支配；统治	N3	noun	社会新闻
姉妹	しまい	姐妹	N3	noun	社会新闻
自慢	じまん	自豪；引以为傲	N3	noun	社会新闻
修正	しゅうせい	修正	N3	noun	社会新闻
主義	しゅぎ	主义	N3	noun	社会新闻
出身	しゅっしん	出身	N3	noun	社会新闻
出版	しゅっぱん	出版	N3	noun	社会新闻
主婦	しゅふ	家庭主妇	N3	noun	社会新闻
正午	しょうご	正午	N3	noun	社会新闻
少女	しょうじょ	少女	N3	noun	社会新闻
女王	じょおう	女王	N3	noun	社会新闻
女子	じょし	女子	N3	noun	社会新闻
書物	しょもつ	书物	N3	noun	社会新闻
女優	じょゆう	女优	N3	noun	社会新闻
知らせ	しらせ	通知	N3	noun	社会新闻
知合い	しりあい	熟人	N3	noun	社会新闻
信仰	しんこう	信仰	N3	noun	社会新闻
人種	じんしゅ	人种	N3	noun	社会新闻
心理	しんり	心理	N3	noun	社会新闻
人類	じんるい	人类	N3	noun	社会新闻
少しも	すこしも	一点也（不）	N3	noun	社会新闻
スター	スター	明星	N3	noun	社会新闻
スタンド	スタンド	架子；看台	N3	noun	社会新闻
スピーチ	スピーチ	演讲	N3	noun	社会新闻
済ませる	すませる	完成	N3	noun	社会新闻
所為	せい	所为	N3	noun	社会新闻
世紀	せいき	世纪	N3	noun	社会新闻
成人	せいじん	成人	N3	noun	社会新闻
精々	せいぜい	充其量；至多	N3	noun	社会新闻
生長	せいちょう	生长	N3	noun	社会新闻
青年	せいねん	青年	N3	noun	社会新闻
生年月日	せいねんがっぴ	出生年月日	N3	noun	社会新闻
整理	せいり	整理	N3	noun	社会新闻
世間	せけん	世间；社会	N3	noun	社会新闻
絶対	ぜったい	绝对	N3	noun	社会新闻
相変わらず	あいかわらず	一如既往；照旧	N3	noun	社会新闻
愛情	あいじょう	爱情	N3	noun	社会新闻
合図	あいず	信号；暗号	N3	noun	社会新闻
愛する	あいする	爱	N3	noun	社会新闻
遭う	あう	遇到	N3	noun	社会新闻
アウト	アウト	出局	N3	noun	社会新闻
諦める	あきらめる	放弃	N3	noun	社会新闻
飽きる	あきる	厌倦	N3	noun	社会新闻
握手	あくしゅ	握手	N3	noun	社会新闻
悪魔	あくま	恶魔	N3	noun	社会新闻
揚げる	あげる	炸；举起	N3	noun	社会新闻
挙げる	あげる	饲养	N3	noun	社会新闻
預かる	あずかる	保管	N3	noun	社会新闻
暖まる	あたたまる	变暖	N3	noun	社会新闻
暖める	あたためる	加热	N3	noun	社会新闻
当たる	あたる	命中；中奖	N3	noun	社会新闻
誤り	あやまり	错误	N3	noun	社会新闻
現す	あらわす	显示；出现	N3	noun	社会新闻
著す	あらわす	撰写；著述	N3	noun	社会新闻
現れ	あらわれ	表达	N3	noun	社会新闻
在る; 有る	ある	存在；有	N3	noun	社会新闻
哀れ	あわれ	可怜	N3	noun	社会新闻
案外	あんがい	出乎意料地	N3	noun	社会新闻
異常	いじょう	異常	N3	noun	社会新闻
意地悪	いじわる	恶作剧；刁难	N3	noun	社会新闻
偉大	いだい	伟大	N3	noun	社会新闻
一度に	いちどに	一下子；同时	N3	noun	社会新闻
一家	いっか	一家	N3	noun	社会新闻
一種	いっしゅ	一种	N3	noun	社会新闻
一生	いっしょう	一生	N3	noun	社会新闻
一層	いっそう	更加；越发	N3	noun	社会新闻
一致	いっち	一致	N3	noun	社会新闻
従兄弟	いとこ	堂兄弟	N3	noun	社会新闻
従姉妹	いとこ	堂/表姐妹	N3	noun	社会新闻
居眠り	いねむり	打瞌睡	N3	noun	社会新闻
今に	いまに	不久	N3	noun	社会新闻
今にも	いまにも	马上就要	N3	noun	社会新闻
祝い	いわい	庆祝	N3	noun	社会新闻
言わば	いわば	可以说	N3	noun	社会新闻
引退	いんたい	退休；引退	N3	noun	社会新闻
動かす	うごかす	移动；感动	N3	noun	社会新闻
討つ	うつ	讨伐	N3	noun	社会新闻
撃つ	うつ	射击	N3	noun	社会新闻
有無	うむ	有无	N3	noun	社会新闻
埋める	うめる	埋；填满	N3	noun	社会新闻
永遠	えいえん	永远	N3	noun	社会新闻
永久	えいきゅう	永久	N3	noun	社会新闻
延期	えんき	延期	N3	noun	社会新闻
演技	えんぎ	演技	N3	noun	社会新闻
エンジン	エンジン	发动机	N3	noun	社会新闻
演説	えんぜつ	演说；演讲	N3	noun	社会新闻
老い	おい	年老	N3	noun	社会新闻
追い付く	おいつく	追上	N3	noun	社会新闻
王様	おうさま	王样	N3	noun	社会新闻
王子	おうじ	王子	N3	noun	社会新闻
応じる	おうじる	应对；答应	N3	noun	社会新闻
終える	おえる	完成	N3	noun	社会新闻
大いに	おおいに	非常；大大地	N3	noun	社会新闻
起こる	おこる	发生	N3	noun	社会新闻
押える	おさえる	按住；抑制	N3	noun	社会新闻
収める	おさめる	收纳；缴纳	N3	noun	社会新闻
納める	おさめる	缴纳；收纳	N3	noun	社会新闻
治める	おさめる	治理	N3	noun	社会新闻
お辞儀	おじぎ	鞠躬	N3	noun	社会新闻
お洒落	おしゃれ	时髦	N3	noun	社会新闻
お喋り	おしゃべり	聊天；话多	N3	noun	社会新闻
恐らく	おそらく	恐怕；大概	N3	noun	社会新闻
お互い	おたがい	互相	N3	noun	社会新闻
男の人	おとこのひと	男人	N3	noun	社会新闻
大人しい	おとなしい	老实的	N3	noun	社会新闻
劣る	おとる	逊色	N3	noun	社会新闻
お昼	おひる	午餐	N3	noun	社会新闻
溺れる	おぼれる	溺水	N3	noun	社会新闻
お前	おまえ	你（粗俗）	N3	noun	社会新闻
お目に掛かる	おめにかかる	拜见（谦逊）	N3	noun	社会新闻
思い付く	おもいつく	想到	N3	noun	社会新闻
主に	おもに	主要	N3	noun	社会新闻
思わず	おもわず	不由得	N3	noun	社会新闻
泳ぎ	およぎ	游泳	N3	noun	社会新闻
下す	おろす	放下；下达	N3	noun	社会新闻
降ろす	おろす	卸下	N3	noun	社会新闻
卸す	おろす	批发；磨碎	N3	noun	社会新闻
絵画	かいが	绘画	N3	noun	社会新闻
会合	かいごう	聚会；会合	N3	noun	社会新闻
解釈	かいしゃく	解释	N3	noun	社会新闻
帰す	かえす	让…回去	N3	noun	社会新闻
反る	かえる	弯曲	N3	noun	社会新闻
画家	がか	画家	N3	noun	社会新闻
化学	かがく	化学	N3	noun	社会新闻
輝く	かがやく	闪耀	N3	noun	社会新闻
掻く	かく	挠；抓	N3	noun	社会新闻
嗅ぐ	かぐ	闻；嗅	N3	noun	社会新闻
隠す	かくす	隐藏	N3	noun	社会新闻
隠れる	かくれる	隐藏	N3	noun	社会新闻
欠ける	かける	缺少	N3	noun	社会新闻
囲む	かこむ	围绕	N3	noun	社会新闻
火災	かさい	火灾	N3	noun	社会新闻
重ねる	かさねる	叠放	N3	noun	社会新闻
貸し	かし	借出；人情	N3	noun	社会新闻
堅い	かたい	难的；硬的	N3	noun	社会新闻
方々	かたがた	各位	N3	noun	社会新闻
語る	かたる	讲述	N3	noun	社会新闻
勝ち	かち	胜利	N3	noun	社会新闻
活気	かっき	活气	N3	noun	社会新闻
活躍	かつやく	活跃	N3	noun	社会新闻
必ずしも	かならずしも	未必	N3	noun	社会新闻
被る	かぶる	戴；遭受	N3	noun	社会新闻
歌謡	かよう	歌谣	N3	noun	社会新闻
刈る	かる	割；剪（头发）；收割	N3	noun	社会新闻
可愛そう	かわいそう	可怜的	N3	noun	社会新闻
可愛らしい	かわいらしい	可爱的	N3	noun	社会新闻
渇く	かわく	渴；干渴	N3	noun	社会新闻
代る	かわる	代替	N3	noun	社会新闻
間隔	かんかく	间隔	N3	noun	社会新闻
歓迎	かんげい	欢迎	N3	noun	社会新闻
観察	かんさつ	观察	N3	noun	社会新闻
感心	かんしん	佩服；钦佩	N3	noun	社会新闻
関する	かんする	关于	N3	noun	社会新闻
完成	かんせい	完成	N3	noun	社会新闻
関連	かんれん	关联	N3	noun	社会新闻
効く	きく	有效	N3	noun	社会新闻
機嫌	きげん	心情	N3	noun	社会新闻
生地	きじ	布料；面团	N3	noun	社会新闻
気体	きたい	气体	N3	noun	社会新闻
帰宅	きたく	回家	N3	noun	社会新闻
議長	ぎちょう	议长	N3	noun	社会新闻
気に入る	きにいる	中意	N3	noun	社会新闻
気の毒	きのどく	可怜；过意不去	N3	noun	社会新闻
決まり	きまり	规定；决定	N3	noun	社会新闻
気味	きみ	感觉；…的倾向	N3	noun	社会新闻
奇妙	きみょう	奇妙	N3	noun	社会新闻
疑問	ぎもん	疑问	N3	noun	社会新闻
キャプテン	キャプテン	队长	N3	noun	社会新闻
キャンプ	キャンプ	营地	N3	noun	社会新闻
休暇	きゅうか	休假	N3	noun	社会新闻
急激	きゅうげき	急剧	N3	noun	社会新闻
救助	きゅうじょ	救助	N3	noun	社会新闻
休息	きゅうそく	休息	N3	noun	社会新闻
急に	きゅうに	突然	N3	noun	社会新闻
競技	きょうぎ	竞技；比赛	N3	noun	社会新闻
行儀	ぎょうぎ	礼仪；规矩	N3	noun	社会新闻
強調	きょうちょう	强调	N3	noun	社会新闻
共通	きょうつう	共通；共同	N3	noun	社会新闻
共同	きょうどう	共同	N3	noun	社会新闻
強力	きょうりょく	强力	N3	noun	社会新闻
巨大	きょだい	巨大	N3	noun	社会新闻
嫌う	きらう	讨厌	N3	noun	社会新闻
切れ	きれ	碎片；布料；锋利	N3	noun	社会新闻
切れる	きれる	断；锋利	N3	noun	社会新闻
禁止	きんし	禁止	N3	noun	社会新闻
金属	きんぞく	金属	N3	noun	社会新闻
近代	きんだい	近代	N3	noun	社会新闻
偶然	ぐうぜん	偶然	N3	noun	社会新闻
区別	くべつ	区别	N3	noun	社会新闻
組む	くむ	组成；交叉	N3	noun	社会新闻
汲む	くむ	汲取	N3	noun	社会新闻
クラシック	クラシック	古典	N3	noun	社会新闻
グランド	グランド	操场	N3	noun	社会新闻
苦しむ	くるしむ	受苦	N3	noun	社会新闻
暮れ	くれ	年末	N3	noun	社会新闻
加わる	くわわる	加入	N3	noun	社会新闻
軍隊	ぐんたい	军队	N3	noun	社会新闻
警告	けいこく	警告	N3	noun	社会新闻
刑事	けいじ	刑事案件；刑警	N3	noun	社会新闻
経由	けいゆ	经由	N3	noun	社会新闻
劇場	げきじょう	剧场	N3	noun	社会新闻
決心	けっしん	决心	N3	noun	社会新闻
決定	けってい	决定	N3	noun	社会新闻
蹴る	ける	踢	N3	noun	社会新闻
現状	げんじょう	现状	N3	noun	社会新闻
見当	けんとう	见当	N3	noun	社会新闻
幸運	こううん	幸运	N3	noun	社会新闻
豪華	ごうか	豪华	N3	noun	社会新闻
光景	こうけい	光景；情景	N3	noun	社会新闻
攻撃	こうげき	攻击	N3	noun	社会新闻
後者	こうしゃ	后者	N3	noun	社会新闻
公正	こうせい	公正	N3	noun	社会新闻
構成	こうせい	构成	N3	noun	社会新闻
強盗	ごうとう	抢劫	N3	noun	社会新闻
幸福	こうふく	幸福	N3	noun	社会新闻
公平	こうへい	公平	N3	noun	社会新闻
考慮	こうりょ	考虑	N3	noun	社会新闻
越える	こえる	越过	N3	noun	社会新闻
コーチ	コーチ	教练	N3	noun	社会新闻
ゴール	ゴール	目标	N3	noun	社会新闻
超す	こす	超过	N3	noun	社会新闻
殺す	ころす	杀	N3	noun	社会新闻
混雑	こんざつ	拥挤；混乱	N3	noun	社会新闻
婚約	こんやく	订婚	N3	noun	社会新闻
幸い	さいわい	幸运	N3	noun	社会新闻
逆らう	さからう	违抗	N3	noun	社会新闻
裂く	さく	撕裂；劈开	N3	noun	社会新闻
作物	さくもつ	作物	N3	noun	社会新闻
刺さる	ささる	刺入；扎进	N3	noun	社会新闻
刺す	さす	刺；扎；蛰	N3	noun	社会新闻
挿す	さす	插入	N3	noun	社会新闻
射す	さす	照射	N3	noun	社会新闻
作曲	さっきょく	作曲	N3	noun	社会新闻
万一	まんいち	万一	N3	noun	社会新闻
見送り	みおくり	送别	N3	noun	社会新闻
味方	みかた	伙伴；己方	N3	noun	社会新闻
満ちる	みちる	充满；涨满	N3	noun	社会新闻
見舞い	みまい	探望；慰问	N3	noun	社会新闻
向かい	むかい	对面	N3	noun	社会新闻
剥く	むく	剥皮	N3	noun	社会新闻
蒸す	むす	蒸；闷热	N3	noun	社会新闻
結ぶ	むすぶ	系；缔结	N3	noun	社会新闻
名人	めいじん	名人；高手	N3	noun	社会新闻
目上	めうえ	上级；长辈	N3	noun	社会新闻
持ち上げる	もちあげる	抬起；举起；奉承	N3	noun	社会新闻
用いる	もちいる	使用	N3	noun	社会新闻
尤も	もっとも	有道理；不过	N3	noun	社会新闻
戻す	もどす	归还；恢复	N3	noun	社会新闻
基づく	もとづく	基于	N3	noun	社会新闻
物音	ものおと	声响	N3	noun	社会新闻
物語	ものがたり	故事	N3	noun	社会新闻
物事	ものごと	事物；事情	N3	noun	社会新闻
燃やす	もやす	燃烧	N3	noun	社会新闻
模様	もよう	花纹；图案	N3	noun	社会新闻
文句	もんく	不满；抱怨；措辞	N3	noun	社会新闻
訳す	やくす	翻译	N3	noun	社会新闻
雇う	やとう	雇佣	N3	noun	社会新闻
破れる	やぶれる	破裂	N3	noun	社会新闻
辞める	やめる	辞职	N3	noun	社会新闻
友好	ゆうこう	友好	N3	noun	社会新闻
優秀	ゆうしゅう	优秀	N3	noun	社会新闻
優勝	ゆうしょう	优胜	N3	noun	社会新闻
友情	ゆうじょう	友情	N3	noun	社会新闻
有能	ゆうのう	有才能的	N3	noun	社会新闻
ユーモア	ユーモア	幽默	N3	noun	社会新闻
愉快	ゆかい	愉快的	N3	noun	社会新闻
酔う	よう	醉；晕（车/船）	N3	noun	社会新闻
容易	ようい	容易	N3	noun	社会新闻
陽気	ようき	开朗的；晴朗的	N3	noun	社会新闻
要求	ようきゅう	要求	N3	noun	社会新闻
用心	ようじん	小心；留意	N3	noun	社会新闻
要するに	ようするに	总之	N3	noun	社会新闻
要素	ようそ	要素	N3	noun	社会新闻
曜日	ようび	曜日	N3	noun	社会新闻
予期	よき	预期	N3	noun	社会新闻
横切る	よこぎる	横穿	N3	noun	社会新闻
汚す	よごす	弄脏	N3	noun	社会新闻
止す	よす	停止；放弃	N3	noun	社会新闻
寄せる	よせる	收集	N3	noun	社会新闻
世の中	よのなか	社会	N3	noun	社会新闻
余分	よぶん	多余	N3	noun	社会新闻
予防	よぼう	预防	N3	noun	社会新闻
ライター	ライター	打火机；作家	N3	noun	社会新闻
ラケット	ラケット	球拍	N3	noun	社会新闻
利口	りこう	聪明	N3	noun	社会新闻
離婚	りこん	离婚	N3	noun	社会新闻
流行	りゅうこう	流行	N3	noun	社会新闻
例外	れいがい	例外	N3	noun	社会新闻
連想	れんそう	连想	N3	noun	社会新闻
連続	れんぞく	连续	N3	noun	社会新闻
ロケット	ロケット	火箭	N3	noun	社会新闻
論じる	ろんじる	讨论	N3	noun	社会新闻
論争	ろんそう	论争	N3	noun	社会新闻
分かれる	わかれる	分开	N3	noun	社会新闻
僅か	わずか	仅仅	N3	noun	社会新闻
話題	わだい	话题	N3	noun	社会新闻
笑い	わらい	笑；笑声	N3	noun	社会新闻
割る	わる	打碎；除以	N3	noun	社会新闻
悪口	わるくち	坏话；骂人	N3	noun	社会新闻
我々	われわれ	我们	N3	noun	社会新闻
当り	あたり	命中；每	N3	noun	社会新闻
アップ	アップ	上升	N3	noun	社会新闻
宛てる	あてる	寄给	N3	noun	社会新闻
意地	いじ	倔强；好胜心	N3	noun	社会新闻
依然	いぜん	依然；仍然	N3	noun	社会新闻
傷める	いためる	损伤；弄坏	N3	noun	社会新闻
一帯	いったい	一带	N3	noun	社会新闻
埋まる	うまる	被埋	N3	noun	社会新闻
産む	うむ	生（孩子）；产生	N3	noun	社会新闻
負う	おう	承担	N3	noun	社会新闻
織る	おる	织	N3	noun	社会新闻
欠く	かく	缺乏	N3	noun	社会新闻
賭ける	かける	赌；押注	N3	noun	社会新闻
狩り	かり	狩猎；打猎	N3	noun	社会新闻
刊行	かんこう	出版；刊行	N3	noun	社会新闻
慣行	かんこう	惯例	N3	noun	社会新闻
歓声	かんせい	欢声	N3	noun	社会新闻
起源	きげん	起源	N3	noun	社会新闻
協議	きょうぎ	协议	N3	noun	社会新闻
協調	きょうちょう	协调	N3	noun	社会新闻
契機	けいき	契机	N3	noun	社会新闻
形態	けいたい	形态	N3	noun	社会新闻
決行	けっこう	决定执行	N3	noun	社会新闻
公演	こうえん	公演	N3	noun	社会新闻
拘束	こうそく	约束；拘束	N3	noun	社会新闻
荒廃	こうはい	荒废	N3	noun	社会新闻
降伏	こうふく	投降	N3	noun	社会新闻
興奮	こうふん	兴奋	N3	noun	社会新闻
語句	ごく	语句	N3	noun	社会新闻
個々	ここ	各个；每个	N3	noun	社会新闻
故人	こじん	故人；已故的人	N3	noun	社会新闻
コンテスト	コンテスト	比赛	N3	noun	社会新闻
採集	さいしゅう	采集	N3	noun	社会新闻
絶滅	ぜつめつ	灭绝	N3	noun	社会新闻
攻める	せめる	进攻	N3	noun	社会新闻
先日	せんじつ	前几天	N3	noun	社会新闻
前者	ぜんしゃ	前者	N3	noun	社会新闻
宣伝	せんでん	宣传	N3	noun	社会新闻
騒音	そうおん	噪音	N3	noun	社会新闻
想像	そうぞう	想象	N3	noun	社会新闻
相続	そうぞく	继承	N3	noun	社会新闻
相当	そうとう	相当；相当于	N3	noun	社会新闻
速度	そくど	速度	N3	noun	社会新闻
具える	そなえる	具备；配备	N3	noun	社会新闻
粗末	そまつ	粗糙的；简陋的	N3	noun	社会新闻
損害	そんがい	损害	N3	noun	社会新闻
尊敬	そんけい	尊敬	N3	noun	社会新闻
尊重	そんちょう	尊重	N3	noun	社会新闻
大した	たいした	了不起的；重大的	N3	noun	社会新闻
対照	たいしょう	对照	N3	noun	社会新闻
大戦	たいせん	大战	N3	noun	社会新闻
大半	たいはん	大半；大部分	N3	noun	社会新闻
代表	だいひょう	代表	N3	noun	社会新闻
大部分	だいぶぶん	大部分	N3	noun	社会新闻
題名	だいめい	题名	N3	noun	社会新闻
平ら	たいら	平坦的	N3	noun	社会新闻
代理	だいり	代理	N3	noun	社会新闻
倒す	たおす	打倒	N3	noun	社会新闻
多少	たしょう	多少	N3	noun	社会新闻
戦い	たたかい	战斗	N3	noun	社会新闻
叩く	たたく	敲打	N3	noun	社会新闻
立ち上がる	たちあがる	站起来	N3	noun	社会新闻
達する	たっする	达到；到达	N3	noun	社会新闻
他人	たにん	他人	N3	noun	社会新闻
騙す	だます	欺骗	N3	noun	社会新闻
偶々	たまたま	偶然；碰巧	N3	noun	社会新闻
黙る	だまる	沉默	N3	noun	社会新闻
溜める	ためる	积攒	N3	noun	社会新闻
便り	たより	来信；消息	N3	noun	社会新闻
頼る	たよる	依赖；依靠	N3	noun	社会新闻
男子	だんし	男子	N3	noun	社会新闻
単純	たんじゅん	単纯	N3	noun	社会新闻
誕生	たんじょう	诞生	N3	noun	社会新闻
ダンス	ダンス	舞蹈	N3	noun	社会新闻
団体	だんたい	团体	N3	noun	社会新闻
単なる	たんなる	单纯的；仅仅	N3	noun	社会新闻
地位	ちい	地位	N3	noun	社会新闻
知恵	ちえ	智慧	N3	noun	社会新闻
違いない	ちがいない	一定是；没错	N3	noun	社会新闻
近頃	ちかごろ	最近；近来	N3	noun	社会新闻
知事	ちじ	知事；（日本）县长	N3	noun	社会新闻
父親	ちちおや	父亲	N3	noun	社会新闻
知能	ちのう	智能	N3	noun	社会新闻
中古	ちゅうこ	二手的	N3	noun	社会新闻
中止	ちゅうし	中止	N3	noun	社会新闻
昼食	ちゅうしょく	午餐	N3	noun	社会新闻
長期	ちょうき	长期	N3	noun	社会新闻
頂上	ちょうじょう	顶上	N3	noun	社会新闻
著者	ちょしゃ	著者	N3	noun	社会新闻
散らす	ちらす	散开	N3	noun	社会新闻
遂に	ついに	终于；到底	N3	noun	社会新闻
通貨	つうか	货币	N3	noun	社会新闻
通じる	つうじる	通；精通	N3	noun	社会新闻
捕まる	つかまる	被抓住；被逮捕	N3	noun	社会新闻
掴む	つかむ	抓住	N3	noun	社会新闻
付合う	つきあう	交往；陪同	N3	noun	社会新闻
次々	つぎつぎ	接连	N3	noun	社会新闻
突く	つく	捅；戳；突	N3	noun	社会新闻
次ぐ	つぐ	仅次于	N3	noun	社会新闻
着ける	つける	穿上；戴上	N3	noun	社会新闻
包み	つつみ	包裹	N3	noun	社会新闻
繋げる	つなげる	连接	N3	noun	社会新闻
常に	つねに	经常；总是	N3	noun	社会新闻
積もる	つもる	积累	N3	noun	社会新闻
出合い	であい	相遇	N3	noun	社会新闻
出会う	であう	偶然遇见	N3	noun	社会新闻
抵抗	ていこう	抵抗	N3	noun	社会新闻
デート	デート	日期	N3	noun	社会新闻
出来事	できごと	出来事	N3	noun	社会新闻
適する	てきする	适合	N3	noun	社会新闻
適度	てきど	适度	N3	noun	社会新闻
徹底	てってい	彻底	N3	noun	社会新闻
典型	てんけい	典型	N3	noun	社会新闻
同一	どういつ	同一	N3	noun	社会新闻
当時	とうじ	当时	N3	noun	社会新闻
同様	どうよう	同样	N3	noun	社会新闻
通す	とおす	通过	N3	noun	社会新闻
通り過ぎる	とおりすぎる	经过；路过	N3	noun	社会新闻
溶く	とく	溶解	N3	noun	社会新闻
退く	どく	退下	N3	noun	社会新闻
特長	とくちょう	特长	N3	noun	社会新闻
独立	どくりつ	独立	N3	noun	社会新闻
登山	とざん	登山	N3	noun	社会新闻
年月	としつき	年月；岁月	N3	noun	社会新闻
年寄	としより	老年人	N3	noun	社会新闻
閉じる	とじる	关闭	N3	noun	社会新闻
途端	とたん	刚…就…	N3	noun	社会新闻
トップ	トップ	顶部	N3	noun	社会新闻
留める	とめる	固定；留住	N3	noun	社会新闻
泊める	とめる	留宿	N3	noun	社会新闻
共に	ともに	一起；共同	N3	noun	社会新闻
トランプ	トランプ	扑克牌	N3	noun	社会新闻
取り上げる	とりあげる	拿起；取消	N3	noun	社会新闻
半ば	なかば	中间	N3	noun	社会新闻
中味	なかみ	内容；里面的东西	N3	noun	社会新闻
眺め	ながめ	场景	N3	noun	社会新闻
亡くす	なくす	丧失（亲人）	N3	noun	社会新闻
殴る	なぐる	殴打	N3	noun	社会新闻
納得	なっとく	理解；接受	N3	noun	社会新闻
何か	なにか	什么；某物	N3	noun	社会新闻
怠ける	なまける	偷懒	N3	noun	社会新闻
生る	なる	结果实	N3	noun	社会新闻
馴れる	なれる	驯服；习惯	N3	noun	社会新闻
何で	なんで	为什么	N3	noun	社会新闻
何でも	なんでも	什么都；无论什么	N3	noun	社会新闻
何とか	なんとか	想办法；总算	N3	noun	社会新闻
日中	にっちゅう	日中	N3	noun	社会新闻
濡らす	ぬらす	弄湿	N3	noun	社会新闻
熱中	ねっちゅう	热衷；沉迷	N3	noun	社会新闻
年中	ねんじゅう	全年；总是	N3	noun	社会新闻
年代	ねんだい	年代	N3	noun	社会新闻
農家	のうか	农家	N3	noun	社会新闻
農民	のうみん	农民	N3	noun	社会新闻
残す	のこす	留下；剩下	N3	noun	社会新闻
載せる	のせる	刊登；装载	N3	noun	社会新闻
覗く	のぞく	窥视	N3	noun	社会新闻
除く	のぞく	去除	N3	noun	社会新闻
望み	のぞみ	愿望	N3	noun	社会新闻
ノック	ノック	敲门	N3	noun	社会新闻
延びる	のびる	延长；推迟	N3	noun	社会新闻
上る	のぼる	上升；登上	N3	noun	社会新闻
昇る	のぼる	（日月）升起	N3	noun	社会新闻
パーセント	パーセント	百分比	N3	noun	社会新闻
俳優	はいゆう	演员	N3	noun	社会新闻
生える	はえる	生长	N3	noun	社会新闻
馬鹿	ばか	马鹿	N3	noun	社会新闻
計る	はかる	测量	N3	noun	社会新闻
量る	はかる	测量	N3	noun	社会新闻
莫大	ばくだい	莫大的；巨大的	N3	noun	社会新闻
爆発	ばくはつ	爆发	N3	noun	社会新闻
外れる	はずれる	脱落；偏离	N3	noun	社会新闻
発射	はっしゃ	发射	N3	noun	社会新闻
罰する	ばっする	惩罚	N3	noun	社会新闻
発達	はったつ	发达	N3	noun	社会新闻
発展	はってん	发展	N3	noun	社会新闻
発明	はつめい	发明	N3	noun	社会新闻
話し合う	はなしあう	商量；讨论	N3	noun	社会新闻
離す	はなす	分开；放开	N3	noun	社会新闻
放す	はなす	分开	N3	noun	社会新闻
放れる	はなれる	脱离；离开	N3	noun	社会新闻
母親	ははおや	母亲	N3	noun	社会新闻
流行る	はやる	流行；盛行	N3	noun	社会新闻
反抗	はんこう	反抗	N3	noun	社会新闻
ハンサム	ハンサム	英俊	N3	noun	社会新闻
悲劇	ひげき	悲剧	N3	noun	社会新闻
非常	ひじょう	非常；紧急	N3	noun	社会新闻
美人	びじん	美女	N3	noun	社会新闻
必死	ひっし	拼命的；必死的	N3	noun	社会新闻
否定	ひてい	否定	N3	noun	社会新闻
等しい	ひとしい	相等的	N3	noun	社会新闻
独り	ひとり	独自；单身	N3	noun	社会新闻
一人一人	ひとりひとり	一个一个地	N3	noun	社会新闻
批評	ひひょう	批评	N3	noun	社会新闻
評判	ひょうばん	评判	N3	noun	社会新闻
表面	ひょうめん	表面	N3	noun	社会新闻
広める	ひろめる	推广；传播	N3	noun	社会新闻
不可	ふか	不可	N3	noun	社会新闻
武器	ぶき	武器	N3	noun	社会新闻
含める	ふくめる	包含	N3	noun	社会新闻
夫人	ふじん	夫人	N3	noun	社会新闻
婦人	ふじん	妇人	N3	noun	社会新闻
不正	ふせい	不正当	N3	noun	社会新闻
舞台	ぶたい	舞台	N3	noun	社会新闻
双子	ふたご	双胞胎	N3	noun	社会新闻
再び	ふたたび	再次	N3	noun	社会新闻
不通	ふつう	不通；中断	N3	noun	社会新闻
部分	ぶぶん	部分	N3	noun	社会新闻
不平	ふへい	不满；牢骚	N3	noun	社会新闻
殖やす	ふやす	增加	N3	noun	社会新闻
プラス	プラス	加；正	N3	noun	社会新闻
文明	ぶんめい	文明	N3	noun	社会新闻
別に	べつに	并不特别；没什么	N3	noun	社会新闻
宝石	ほうせき	宝石	N3	noun	社会新闻
豊富	ほうふ	丰富	N3	noun	社会新闻
吠える	ほえる	吠叫；咆哮	N3	noun	社会新闻
微笑む	ほほえむ	微笑	N3	noun	社会新闻
本人	ほんにん	本人	N3	noun	社会新闻
本物	ほんもの	真品；真货	N3	noun	社会新闻
迷子	まいご	走失的孩子	N3	noun	社会新闻
マイナス	マイナス	减；负	N3	noun	社会新闻
任せる	まかせる	委托；交给	N3	noun	社会新闻
巻く	まく	卷；缠绕	N3	noun	社会新闻
負け	まけ	失败；败北	N3	noun	社会新闻
混ざる	まざる	混合	N3	noun	社会新闻
交ざる	まざる	混杂	N3	noun	社会新闻
混じる	まじる	混入	N3	noun	社会新闻
交じる	まじる	混杂	N3	noun	社会新闻
増す	ます	增加	N3	noun	社会新闻
混ぜる	まぜる	混合	N3	noun	社会新闻
交ぜる	まぜる	掺混	N3	noun	社会新闻
真似	まね	模仿	N3	noun	社会新闻
招く	まねく	邀请	N3	noun	社会新闻
裂ける	さける	裂开	N3	noun	社会新闻
裁く	さばく	判断	N3	noun	社会新闻
視覚	しかく	视觉	N3	noun	社会新闻
指揮	しき	指挥	N3	noun	社会新闻
字体	じたい	字体	N3	noun	社会新闻
辞退	じたい	推辞	N3	noun	社会新闻
脂肪	しぼう	脂肪	N3	noun	社会新闻
修飾	しゅうしょく	修饰	N3	noun	社会新闻
正体	しょうたい	真面目；本来面目	N3	noun	社会新闻
女史	じょし	女士（尊称）	N3	noun	社会新闻
ショック	ショック	震惊	N3	noun	社会新闻
新興	しんこう	新兴	N3	noun	社会新闻
真理	しんり	真理	N3	noun	社会新闻
水洗	すいせん	冲洗	N3	noun	社会新闻
擦る	する	摩擦；擦	N3	noun	社会新闻
正規	せいき	正规	N3	noun	社会新闻
精巧	せいこう	精巧	N3	noun	社会新闻
声明	せいめい	声明	N3	noun	社会新闻
姓名	せいめい	姓名	N3	noun	社会新闻
先行	せんこう	先行	N3	noun	社会新闻
選考	せんこう	选拔；甄选	N3	noun	社会新闻
添う	そう	伴随；陪伴	N3	noun	社会新闻
捜査	そうさ	搜查	N3	noun	社会新闻
創造	そうぞう	创造	N3	noun	社会新闻
タイトル	タイトル	标题	N3	noun	社会新闻
ダウン	ダウン	下降	N3	noun	社会新闻
高まる	たかまる	高涨	N3	noun	社会新闻
断つ	たつ	切断；戒掉	N3	noun	社会新闻
例え	たとえ	比喻	N3	noun	社会新闻
接ぐ	つぐ	加入	N3	noun	社会新闻
摘む	つむ	摘；采	N3	noun	社会新闻
強まる	つよまる	增强	N3	noun	社会新闻
強める	つよめる	加强；强化	N3	noun	社会新闻
伝言	でんごん	传言	N3	noun	社会新闻
同士	どうし	同伴；彼此	N3	noun	社会新闻
同志	どうし	同志	N3	noun	社会新闻
動揺	どうよう	动摇	N3	noun	社会新闻
説く	とく	解释	N3	noun	社会新闻
綴じる	とじる	装订；合上	N3	noun	社会新闻
馴らす	ならす	驯服	N3	noun	社会新闻
臨む	のぞむ	面临	N3	noun	社会新闻
映える	はえる	映照；上镜；好看	N3	noun	社会新闻
諮る	はかる	咨询；商议	N3	noun	社会新闻
非行	ひこう	不良行为	N3	noun	社会新闻
広まる	ひろまる	展开	N3	noun	社会新闻
深める	ふかめる	加深；深化	N3	noun	社会新闻
振り	ふり	样子；假装	N3	noun	社会新闻
経る	へる	度过	N3	noun	社会新闻
保護	ほご	保护	N3	noun	社会新闻
前もって	まえもって	事先；提前	N3	noun	社会新闻
見掛ける	みかける	看到；遇见	N3	noun	社会新闻
野党	やとう	在野党	N3	noun	社会新闻
予想	よそう	预想	N3	noun	社会新闻
弱まる	よわまる	减弱；衰弱	N3	noun	社会新闻
弱める	よわめる	削弱；减弱	N3	noun	社会新闻
扇ぐ	あおぐ	扇风	N2	noun	社会新闻
青白い	あおじろい	苍白的	N2	noun	社会新闻
呆れる	あきれる	吃惊；目瞪口呆	N2	noun	社会新闻
アクセント	アクセント	口音；重音	N2	noun	社会新闻
飽くまで	あくまで	到底；彻底地	N2	noun	社会新闻
憧れる	あこがれる	憧憬；向往	N2	noun	社会新闻
朝寝坊	あさねぼう	睡懒觉	N2	noun	社会新闻
足跡	あしあと	足迹	N2	noun	社会新闻
足元	あしもと	脚下	N2	noun	社会新闻
厚かましい	あつかましい	厚脸皮的；不知羞耻的	N2	noun	社会新闻
当てはめる	あてはめる	套用；适用	N2	noun	社会新闻
甘やかす	あまやかす	溺爱；娇惯	N2	noun	社会新闻
余る	あまる	剩余；多余	N2	noun	社会新闻
危うい	あやうい	危险的	N2	noun	社会新闻
怪しい	あやしい	可疑的；奇怪的	N2	noun	社会新闻
荒い	あらい	粗糙的	N2	noun	社会新闻
粗い	あらい	粗糙	N2	noun	社会新闻
粗筋	あらすじ	梗概；大纲	N2	noun	社会新闻
改めて	あらためて	重新；再次	N2	noun	社会新闻
有難い	ありがたい	令人感激的；难得的	N2	noun	社会新闻
言い出す	いいだす	开口说；提出	N2	noun	社会新闻
言い付ける	いいつける	吩咐；告状	N2	noun	社会新闻
意義	いぎ	意义	N2	noun	社会新闻
生き生き	いきいき	生动；充满活力	N2	noun	社会新闻
幾分	いくぶん	稍微；若干	N2	noun	社会新闻
生け花	いけばな	插花	N2	noun	社会新闻
以後	いご	以后	N2	noun	社会新闻
イコール	イコール	等于	N2	noun	社会新闻
勇ましい	いさましい	勇敢的；英勇的	N2	noun	社会新闻
一斉	いっせい	一齐	N2	noun	社会新闻
一旦	いったん	一旦；暂且	N2	noun	社会新闻
行っていらっしゃい	いっていらっしゃい	路上小心（送行语）	N2	noun	社会新闻
行ってらっしゃい	いってらっしゃい	路上小心；走好	N2	noun	社会新闻
移転	いてん	搬迁；转移	N2	noun	社会新闻
井戸	いど	水井	N2	noun	社会新闻
威張る	いばる	摆架子；耍威风	N2	noun	社会新闻
嫌がる	いやがる	讨厌；不情愿	N2	noun	社会新闻
ウーマン	ウーマン	女性	N2	noun	社会新闻
ウエートレス	ウエートレス	女服务员	N2	noun	社会新闻
植木	うえき	盆栽；庭院树木	N2	noun	社会新闻
浮ぶ	うかぶ	漂浮	N2	noun	社会新闻
浮かべる	うかべる	漂浮	N2	noun	社会新闻
承る	うけたまわる	听取；接受（自谦语）	N2	noun	社会新闻
受取	うけとり	收据；接收	N2	noun	社会新闻
受け持つ	うけもつ	负责；担当	N2	noun	社会新闻
薄暗い	うすぐらい	昏暗的	N2	noun	社会新闻
薄める	うすめる	稀释；淡化	N2	noun	社会新闻
敬う	うやまう	尊敬	N2	noun	社会新闻
裏返す	うらがえす	里返	N2	noun	社会新闻
占う	うらなう	占卜	N2	noun	社会新闻
恨み	うらみ	怨恨	N2	noun	社会新闻
恨む	うらむ	怨恨	N2	noun	社会新闻
羨む	うらやむ	羡慕	N2	noun	社会新闻
エチケット	エチケット	礼仪	N2	noun	社会新闻
絵の具	えのぐ	颜料	N2	noun	社会新闻
宴会	えんかい	宴会	N2	noun	社会新闻
園芸	えんげい	园艺	N2	noun	社会新闻
演劇	えんげき	戏剧	N2	noun	社会新闻
オーケストラ	オーケストラ	管弦乐团	N2	noun	社会新闻
オイル	オイル	油	N2	noun	社会新闻
王女	おうじょ	公主	N2	noun	社会新闻
応ずる	おうずる	应对；答应	N2	noun	社会新闻
大凡	おおよそ	大约；大致	N2	noun	社会新闻
お帰り	おかえり	你回来了	N2	noun	社会新闻
拝む	おがむ	拜；参拜	N2	noun	社会新闻
お気の毒に	おきのどくに	气毒	N2	noun	社会新闻
お元気で	おげんきで	保重	N2	noun	社会新闻
怠る	おこたる	怠慢；疏忽	N2	noun	社会新闻
お先に	おさきに	先走了；先告辞	N2	noun	社会新闻
叔父	おじ	叔父	N2	noun	社会新闻
惜しい	おしい	可惜的；遗憾的	N2	noun	社会新闻
伯父さん	おじさん	伯父；叔叔	N2	noun	社会新闻
小父さん	おじさん	小父	N2	noun	社会新闻
叔父さん	おじさん	叔父	N2	noun	社会新闻
お邪魔します	おじゃまします	打扰了	N2	noun	社会新闻
お世話になりました	おせわになりました	承蒙关照	N2	noun	社会新闻
落着く	おちつく	冷静下来；安定下来	N2	noun	社会新闻
お出掛け	おでかけ	外出	N2	noun	社会新闻
落し物	おとしもの	失物	N2	noun	社会新闻
驚かす	おどろかす	使惊吓；吓唬	N2	noun	社会新闻
お願いします	おねがいします	拜托了；请	N2	noun	社会新闻
各々	おのおの	各自；每个	N2	noun	社会新闻
叔母	おば	叔母	N2	noun	社会新闻
小母さん	おばさん	小母	N2	noun	社会新闻
お待たせしました	おまたせしました	让您久等了	N2	noun	社会新闻
お待ちください	おまちください	请稍等	N2	noun	社会新闻
思い掛けない	おもいがけない	意想不到的	N2	noun	社会新闻
思い込む	おもいこむ	思入	N2	noun	社会新闻
思いっ切り	おもいっきり	尽情地；狠狠地	N2	noun	社会新闻
思いっきり	おもいっきり	尽情地；拼命地	N2	noun	社会新闻
重たい	おもたい	重的	N2	noun	社会新闻
お休み	おやすみ	晚安；休息日	N2	noun	社会新闻
女の人	おんなのひと	女人	N2	noun	社会新闻
回数	かいすう	次数	N2	noun	社会新闻
回数券	かいすうけん	回数券（多次乘车票）	N2	noun	社会新闻
解説	かいせつ	解说；讲解	N2	noun	社会新闻
改造	かいぞう	改造	N2	noun	社会新闻
回転	かいてん	旋转	N2	noun	社会新闻
解答	かいとう	解答	N2	noun	社会新闻
回答	かいとう	回答	N2	noun	社会新闻
概論	がいろん	概论	N2	noun	社会新闻
係わる	かかわる	有关；参与	N2	noun	社会新闻
限り	かぎり	限度	N2	noun	社会新闻
架空	かくう	虚构的	N2	noun	社会新闻
各自	かくじ	各自	N2	noun	社会新闻
各地	かくち	各地	N2	noun	社会新闻
拡張	かくちょう	扩张	N2	noun	社会新闻
下降	かこう	下降	N2	noun	社会新闻
過失	かしつ	过失	N2	noun	社会新闻
果実	かじつ	果实	N2	noun	社会新闻
固まる	かたまる	凝固；变硬	N2	noun	社会新闻
片寄る	かたよる	偏向；不均匀	N2	noun	社会新闻
担ぐ	かつぐ	扛；抬	N2	noun	社会新闻
勝手に	かってに	擅自；随意	N2	noun	社会新闻
活力	かつりょく	活力	N2	noun	社会新闻
加熱	かねつ	加热	N2	noun	社会新闻
被せる	かぶせる	覆盖	N2	noun	社会新闻
構いません	かまいません	没关系；不介意	N2	noun	社会新闻
空っぽ	からっぽ	空的	N2	noun	社会新闻
カロリー	カロリー	卡路里	N2	noun	社会新闻
可愛がる	かわいがる	疼爱；宠爱	N2	noun	社会新闻
感激	かんげき	感激	N2	noun	社会新闻
元日	がんじつ	元日	N2	noun	社会新闻
鑑賞	かんしょう	鉴赏	N2	noun	社会新闻
間接	かんせつ	间接	N2	noun	社会新闻
観測	かんそく	观测	N2	noun	社会新闻
勘違い	かんちがい	误会；搞错	N2	noun	社会新闻
観念	かんねん	观念	N2	noun	社会新闻
看板	かんばん	招牌	N2	noun	社会新闻
飢饉	ききん	饥荒	N2	noun	社会新闻
刻む	きざむ	刻；切碎	N2	noun	社会新闻
儀式	ぎしき	仪式	N2	noun	社会新闻
規準	きじゅん	标准	N2	noun	社会新闻
起床	きしょう	起床	N2	noun	社会新闻
基礎	きそ	基础	N2	noun	社会新闻
基地	きち	基地	N2	noun	社会新闻
基盤	きばん	基础	N2	noun	社会新闻
ギャング	ギャング	黑帮	N2	noun	社会新闻
清い	きよい	清澈	N2	noun	社会新闻
強化	きょうか	强化	N2	noun	社会新闻
境界	きょうかい	境界；边界	N2	noun	社会新闻
恐縮	きょうしゅく	不好意思；抱歉	N2	noun	社会新闻
規律	きりつ	纪律	N2	noun	社会新闻
斬る	きる	砍；斩	N2	noun	社会新闻
気を付ける	きをつける	注意；小心	N2	noun	社会新闻
区域	くいき	区域	N2	noun	社会新闻
空想	くうそう	空想；幻想	N2	noun	社会新闻
苦心	くしん	苦心；绞尽脑汁	N2	noun	社会新闻
砕く	くだく	打碎；粉碎	N2	noun	社会新闻
砕ける	くだける	碎裂；（态度）随和	N2	noun	社会新闻
句読点	くとうてん	句读点	N2	noun	社会新闻
区分	くぶん	区分	N2	noun	社会新闻
組合せ	くみあわせ	组合	N2	noun	社会新闻
組み立てる	くみたてる	组立	N2	noun	社会新闻
形式	けいしき	形式	N2	noun	社会新闻
系統	けいとう	系统	N2	noun	社会新闻
芸能	げいのう	艺能	N2	noun	社会新闻
競馬	けいば	赛马	N2	noun	社会新闻
警備	けいび	警备；保安	N2	noun	社会新闻
形容詞	けいようし	形容词	N2	noun	社会新闻
形容動詞	けいようどうし	形容动词	N2	noun	社会新闻
外科	げか	外科	N2	noun	社会新闻
激増	げきぞう	激增	N2	noun	社会新闻
下旬	げじゅん	下旬	N2	noun	社会新闻
削る	けずる	削减；刮削	N2	noun	社会新闻
月末	げつまつ	月末	N2	noun	社会新闻
下品	げひん	粗俗的	N2	noun	社会新闻
謙虚	けんきょ	谦虚	N2	noun	社会新闻
原稿	げんこう	稿件；原稿	N2	noun	社会新闻
原産	げんさん	原产	N2	noun	社会新闻
原始	げんし	原始	N2	noun	社会新闻
厳重	げんじゅう	严格的	N2	noun	社会新闻
謙遜	けんそん	谦逊	N2	noun	社会新闻
限度	げんど	限度	N2	noun	社会新闻
現に	げんに	实际上；确实	N2	noun	社会新闻
顕微鏡	けんびきょう	显微镜	N2	noun	社会新闻
懸命	けんめい	拼命；努力	N2	noun	社会新闻
原理	げんり	原理	N2	noun	社会新闻
原料	げんりょう	原料	N2	noun	社会新闻
コーラス	コーラス	合唱	N2	noun	社会新闻
恋しい	こいしい	思念的	N2	noun	社会新闻
強引	ごういん	强行的；蛮横的	N2	noun	社会新闻
公害	こうがい	公害	N2	noun	社会新闻
工芸	こうげい	工艺	N2	noun	社会新闻
孝行	こうこう	孝顺	N2	noun	社会新闻
講師	こうし	讲师	N2	noun	社会新闻
口実	こうじつ	借口	N2	noun	社会新闻
公衆	こうしゅう	公众	N2	noun	社会新闻
光線	こうせん	光线	N2	noun	社会新闻
高層	こうそう	高层	N2	noun	社会新闻
交替	こうたい	轮换；交替	N2	noun	社会新闻
交代	こうたい	换班；交接	N2	noun	社会新闻
耕地	こうち	耕地	N2	noun	社会新闻
肯定	こうてい	肯定	N2	noun	社会新闻
高度	こうど	高度；高级的	N2	noun	社会新闻
合同	ごうどう	联合	N2	noun	社会新闻
項目	こうもく	项目	N2	noun	社会新闻
効力	こうりょく	效力	N2	noun	社会新闻
焦がす	こがす	烧焦；烤糊	N2	noun	社会新闻
国王	こくおう	国王	N2	noun	社会新闻
焦げる	こげる	燃烧	N2	noun	社会新闻
心当たり	こころあたり	有印象；有头绪	N2	noun	社会新闻
心得る	こころえる	心得	N2	noun	社会新闻
腰掛ける	こしかける	坐下	N2	noun	社会新闻
個体	こたい	个体	N2	noun	社会新闻
古典	こてん	古典	N2	noun	社会新闻
言付ける	ことづける	托话；留言	N2	noun	社会新闻
言葉遣い	ことばづかい	演讲	N2	noun	社会新闻
御無沙汰	ごぶさた	久疏问候；好久不见	N2	noun	社会新闻
御免	ごめん	对不起；免	N2	noun	社会新闻
堪える	こらえる	承担	N2	noun	社会新闻
娯楽	ごらく	娱乐	N2	noun	社会新闻
御覧	ごらん	看（敬语）	N2	noun	社会新闻
コレクション	コレクション	收藏	N2	noun	社会新闻
転がす	ころがす	滚动	N2	noun	社会新闻
転がる	ころがる	滚动；倒下	N2	noun	社会新闻
コンクール	コンクール	比赛	N2	noun	社会新闻
コンクリート	コンクリート	混凝土	N2	noun	社会新闻
混合	こんごう	混合	N2	noun	社会新闻
再三	さいさん	再三	N2	noun	社会新闻
祭日	さいじつ	节日	N2	noun	社会新闻
催促	さいそく	催促	N2	noun	社会新闻
災難	さいなん	灾难	N2	noun	社会新闻
材木	ざいもく	木材	N2	noun	社会新闻
サイレン	サイレン	警报器	N2	noun	社会新闻
逆さ	さかさ	倒；颠倒	N2	noun	社会新闻
逆様	さかさま	颠倒	N2	noun	社会新闻
捜す	さがす	搜索	N2	noun	社会新闻
遡る	さかのぼる	追溯	N2	noun	社会新闻
一昨昨日	さきおととい	大前天	N2	noun	社会新闻
先程	さきほど	刚才	N2	noun	社会新闻
探る	さぐる	搜索	N2	noun	社会新闻
囁く	ささやく	低语	N2	noun	社会新闻
差し支え	さしつかえ	妨碍；不便	N2	noun	社会新闻
差し引き	さしひき	扣除；结算	N2	noun	社会新闻
撮影	さつえい	拍摄	N2	noun	社会新闻
雑音	ざつおん	杂音	N2	noun	社会新闻
早速	さっそく	立刻；马上	N2	noun	社会新闻
錆びる	さびる	生锈	N2	noun	社会新闻
騒がしい	さわがしい	吵的	N2	noun	社会新闻
産地	さんち	产地	N2	noun	社会新闻
山林	さんりん	山林	N2	noun	社会新闻
仕上がる	しあがる	完成	N2	noun	社会新闻
明明後日	しあさって	大后天	N2	noun	社会新闻
自衛	じえい	自卫	N2	noun	社会新闻
司会	しかい	主持人	N2	noun	社会新闻
四角い	しかくい	广场	N2	noun	社会新闻
仕方がない	しかたがない	没办法；不得已	N2	noun	社会新闻
茂る	しげる	茂盛	N2	noun	社会新闻
持参	じさん	自带；携带	N2	noun	社会新闻
磁石	じしゃく	磁石	N2	noun	社会新闻
始終	しじゅう	始终	N2	noun	社会新闻
静まる	しずまる	平静下来	N2	noun	社会新闻
時速	じそく	时速	N2	noun	社会新闻
子孫	しそん	子孙	N2	noun	社会新闻
執筆	しっぴつ	执笔；写作	N2	noun	社会新闻
実物	じつぶつ	实物	N2	noun	社会新闻
実用	じつよう	实用	N2	noun	社会新闻
実例	じつれい	实例	N2	noun	社会新闻
失恋	しつれん	失恋	N2	noun	社会新闻
地盤	じばん	地盘	N2	noun	社会新闻
締め切る	しめきる	截止；关闭	N2	noun	社会新闻
地面	じめん	地面	N2	noun	社会新闻
社会科学	しゃかいかがく	社会科学	N2	noun	社会新闻
弱点	じゃくてん	弱点	N2	noun	社会新闻
写生	しゃせい	写生；素描	N2	noun	社会新闻
シャッター	シャッター	快门；卷帘门	N2	noun	社会新闻
洒落	しゃれ	俏皮话	N2	noun	社会新闻
集金	しゅうきん	收款	N2	noun	社会新闻
集合	しゅうごう	集合	N2	noun	社会新闻
修繕	しゅうぜん	修缮	N2	noun	社会新闻
重点	じゅうてん	重点	N2	noun	社会新闻
重量	じゅうりょう	重量	N2	noun	社会新闻
主人	しゅじん	丈夫；主人	N2	noun	社会新闻
寿命	じゅみょう	寿命	N2	noun	社会新闻
主役	しゅやく	主角	N2	noun	社会新闻
巡査	じゅんさ	巡警	N2	noun	社会新闻
順々	じゅんじゅん	依次	N2	noun	社会新闻
純情	じゅんじょう	纯情	N2	noun	社会新闻
消化	しょうか	消化	N2	noun	社会新闻
将棋	しょうぎ	日本象棋	N2	noun	社会新闻
定規	じょうぎ	尺子	N2	noun	社会新闻
上下	じょうげ	上下	N2	noun	社会新闻
上旬	じょうじゅん	上旬	N2	noun	社会新闻
生ずる	しょうずる	产生；发生	N2	noun	社会新闻
焦点	しょうてん	焦点	N2	noun	社会新闻
勝敗	しょうはい	胜败	N2	noun	社会新闻
上品	じょうひん	上品	N2	noun	社会新闻
勝負	しょうぶ	胜负	N2	noun	社会新闻
消防署	しょうぼうしょ	消防局	N2	noun	社会新闻
正味	しょうみ	净重；实质	N2	noun	社会新闻
正面	しょうめん	正面	N2	noun	社会新闻
初旬	しょじゅん	初旬	N2	noun	社会新闻
シリーズ	シリーズ	系列	N2	noun	社会新闻
素人	しろうと	外行	N2	noun	社会新闻
人造	じんぞう	人造	N2	noun	社会新闻
寝台	しんだい	卧铺	N2	noun	社会新闻
侵入	しんにゅう	侵入；闯入	N2	noun	社会新闻
人文科学	じんぶんかがく	人文科学	N2	noun	社会新闻
人命	じんめい	人命	N2	noun	社会新闻
親類	しんるい	亲类	N2	noun	社会新闻
神話	しんわ	神话	N2	noun	社会新闻
推定	すいてい	推定；推测	N2	noun	社会新闻
水筒	すいとう	水壶	N2	noun	社会新闻
随筆	ずいひつ	随笔	N2	noun	社会新闻
図々しい	ずうずうしい	厚脸皮的	N2	noun	社会新闻
末っ子	すえっこ	最小的孩子	N2	noun	社会新闻
好き嫌い	すききらい	好恶；挑食	N2	noun	社会新闻
好き好き	すきずき	各有所好	N2	noun	社会新闻
透き通る	すきとおる	透明；清澈	N2	noun	社会新闻
隙間	すきま	缝隙；间隙	N2	noun	社会新闻
ステージ	ステージ	舞台	N2	noun	社会新闻
頭脳	ずのう	头脑	N2	noun	社会新闻
スマート	スマート	聪明；苗条	N2	noun	社会新闻
相撲	すもう	相扑	N2	noun	社会新闻
狡い	ずるい	狡猾的	N2	noun	社会新闻
制作	せいさく	制作	N2	noun	社会新闻
生存	せいぞん	生存	N2	noun	社会新闻
政党	せいとう	政党	N2	noun	社会新闻
性別	せいべつ	性别	N2	noun	社会新闻
成立	せいりつ	成立	N2	noun	社会新闻
西暦	せいれき	西历	N2	noun	社会新闻
折角	せっかく	好不容易；特意	N2	noun	社会新闻
接近	せっきん	接近	N2	noun	社会新闻
迫る	せまる	迫近；逼迫	N2	noun	社会新闻
台詞	せりふ	台词	N2	noun	社会新闻
前後	ぜんご	前後	N2	noun	社会新闻
専制	せんせい	专制	N2	noun	社会新闻
先々月	せんせんげつ	上上个月	N2	noun	社会新闻
先々週	せんせんしゅう	上上周	N2	noun	社会新闻
先祖	せんぞ	祖先	N2	noun	社会新闻
先端	せんたん	尖端；前沿	N2	noun	社会新闻
先頭	せんとう	先头	N2	noun	社会新闻
全般	ぜんぱん	全面；整体	N2	noun	社会新闻
相違	そうい	相违	N2	noun	社会新闻
増減	ぞうげん	增減	N2	noun	社会新闻
相互	そうご	相互	N2	noun	社会新闻
創作	そうさく	创作	N2	noun	社会新闻
葬式	そうしき	葬礼	N2	noun	社会新闻
騒々しい	そうぞうしい	吵的	N2	noun	社会新闻
増大	ぞうだい	增大	N2	noun	社会新闻
総理大臣	そうりだいじん	总理大臣	N2	noun	社会新闻
属する	ぞくする	属于	N2	noun	社会新闻
続々	ぞくぞく	续々	N2	noun	社会新闻
祖先	そせん	祖先	N2	noun	社会新闻
卒直	そっちょく	率直；坦率	N2	noun	社会新闻
その他	そのほか	其他	N2	noun	社会新闻
逸れる	それる	偏离；走题	N2	noun	社会新闻
存じる	ぞんじる	知道（谦逊）	N2	noun	社会新闻
存ずる	ぞんずる	知道；认为（自谦语）	N2	noun	社会新闻
体系	たいけい	体系	N2	noun	社会新闻
太鼓	たいこ	太鼓；鼓	N2	noun	社会新闻
大して	たいして	（不）怎么；（不）太	N2	noun	社会新闻
大小	だいしょう	大小	N2	noun	社会新闻
体制	たいせい	体制	N2	noun	社会新闻
大層	たいそう	非常；夸张	N2	noun	社会新闻
対立	たいりつ	对立	N2	noun	社会新闻
妥当	だとう	妥当	N2	noun	社会新闻
例える	たとえる	比喻；打比方	N2	noun	社会新闻
ダブル	ダブル	双倍	N2	noun	社会新闻
溜息	ためいき	叹气	N2	noun	社会新闻
足る	たる	足够	N2	noun	社会新闻
短期	たんき	短期	N2	noun	社会新闻
断定	だんてい	断定	N2	noun	社会新闻
短編	たんぺん	短篇	N2	noun	社会新闻
誓う	ちかう	发誓	N2	noun	社会新闻
近々	ちかぢか	不久；最近	N2	noun	社会新闻
近付ける	ちかづける	使靠近	N2	noun	社会新闻
近寄る	ちかよる	靠近；走近	N2	noun	社会新闻
着々	ちゃくちゃく	稳步地	N2	noun	社会新闻
中旬	ちゅうじゅん	中旬	N2	noun	社会新闻
中世	ちゅうせい	中世纪	N2	noun	社会新闻
中途	ちゅうと	中途	N2	noun	社会新闻
中年	ちゅうねん	中年	N2	noun	社会新闻
超過	ちょうか	超过	N2	noun	社会新闻
彫刻	ちょうこく	雕刻	N2	noun	社会新闻
長女	ちょうじょ	长女	N2	noun	社会新闻
長短	ちょうたん	长短	N2	noun	社会新闻
長男	ちょうなん	长男	N2	noun	社会新闻
月日	つきひ	时光；岁月	N2	noun	社会新闻
努める	つとめる	努力	N2	noun	社会新闻
躓く	つまずく	绊倒	N2	noun	社会新闻
強気	つよき	强势；强硬	N2	noun	社会新闻
釣り合う	つりあう	平衡；相称	N2	noun	社会新闻
出来上がり	できあがり	完成；做好	N2	noun	社会新闻
適確	てきかく	准确	N2	noun	社会新闻
凸凹	でこぼこ	凹凸不平	N2	noun	社会新闻
鉄砲	てっぽう	枪	N2	noun	社会新闻
手前	てまえ	跟前；自己（自谦）	N2	noun	社会新闻
出迎え	でむかえ	迎接	N2	noun	社会新闻
出迎える	でむかえる	遇到	N2	noun	社会新闻
伝記	でんき	传记	N2	noun	社会新闻
点々	てんてん	零零星星；点点	N2	noun	社会新闻
転々	てんてん	转々	N2	noun	社会新闻
天皇	てんのう	天皇（日本）	N2	noun	社会新闻
テンポ	テンポ	节奏	N2	noun	社会新闻
統一	とういつ	统一	N2	noun	社会新闻
同格	どうかく	同格	N2	noun	社会新闻
動作	どうさ	动作	N2	noun	社会新闻
投書	とうしょ	投书	N2	noun	社会新闻
盗難	とうなん	盗窃；失窃	N2	noun	社会新闻
透明	とうめい	透明	N2	noun	社会新闻
尖る	とがる	变尖	N2	noun	社会新闻
特殊	とくしゅ	特殊	N2	noun	社会新闻
特色	とくしょく	特色	N2	noun	社会新闻
特定	とくてい	特定	N2	noun	社会新闻
退ける	どける	挪开；撤除	N2	noun	社会新闻
所々	ところどころ	到处；各处	N2	noun	社会新闻
整う	ととのう	准备好；整齐	N2	noun	社会新闻
留まる	とどまる	停留；固定	N2	noun	社会新闻
怒鳴る	どなる	怒吼	N2	noun	社会新闻
飛び込む	とびこむ	跳入	N2	noun	社会新闻
捕える	とらえる	抓住；捕获	N2	noun	社会新闻
仲直り	なかなおり	和好；和解	N2	noun	社会新闻
仲良し	なかよし	好朋友	N2	noun	社会新闻
慰める	なぐさめる	安慰	N2	noun	社会新闻
為す	なす	做；成就	N2	noun	社会新闻
傾らか	なだらか	平缓的	N2	noun	社会新闻
撫でる	なでる	抚摸	N2	noun	社会新闻
何しろ	なにしろ	毕竟；不管怎说	N2	noun	社会新闻
何々	なになに	什么什么	N2	noun	社会新闻
何分	なにぶん	多少分钟；请多包涵	N2	noun	社会新闻
生意気	なまいき	自大的；狂妄的	N2	noun	社会新闻
生意気な	なまいきな	生意气	N2	noun	社会新闻
何とも	なんとも	实在；怎么也	N2	noun	社会新闻
逃がす	にがす	放走；错过	N2	noun	社会新闻
憎い	にくい	可恨的	N2	noun	社会新闻
憎む	にくむ	憎恨	N2	noun	社会新闻
憎らしい	にくらしい	可恶的；讨厌的	N2	noun	社会新闻
女房	にょうぼう	妻子	N2	noun	社会新闻
睨む	にらむ	瞪；盯着看	N2	noun	社会新闻
縫う	ぬう	缝	N2	noun	社会新闻
捩る	ねじる	拧；扭转	N2	noun	社会新闻
熱する	ねっする	热	N2	noun	社会新闻
狙い	ねらい	目标；目的	N2	noun	社会新闻
濃度	のうど	浓度	N2	noun	社会新闻
残らず	のこらず	全部；毫无遗漏	N2	noun	社会新闻
呑気	のんき	呑气	N2	noun	社会新闻
灰色	はいいろ	灰色	N2	noun	社会新闻
バイバイ	バイバイ	拜拜	N2	noun	社会新闻
這う	はう	爬行	N2	noun	社会新闻
剥す	はがす	剥掉；撕掉	N2	noun	社会新闻
挟まる	はさまる	被夹住	N2	noun	社会新闻
挟む	はさむ	夹；夹住	N2	noun	社会新闻
始めに	はじめに	首先；一开始	N2	noun	社会新闻
初めに	はじめに	首先；起初	N2	noun	社会新闻
果して	はたして	果然；果真	N2	noun	社会新闻
発揮	はっき	发挥	N2	noun	社会新闻
バック	バック	后退；包	N2	noun	社会新闻
話合い	はなしあい	讨论	N2	noun	社会新闻
話し合い	はなしあい	讨论	N2	noun	社会新闻
花嫁	はなよめ	新娘	N2	noun	社会新闻
跳ねる	はねる	跳跃；蹦	N2	noun	社会新闻
破片	はへん	碎片	N2	noun	社会新闻
張り切る	はりきる	干劲十足；精神抖擞	N2	noun	社会新闻
反映	はんえい	反映	N2	noun	社会新闻
万歳	ばんざい	万岁	N2	noun	社会新闻
日帰り	ひがえり	当天往返	N2	noun	社会新闻
比較的	ひかくてき	比较的	N2	noun	社会新闻
日陰	ひかげ	日阴	N2	noun	社会新闻
引受る	ひきうける	承担；接受	N2	noun	社会新闻
引き返す	ひきかえす	折返；返回	N2	noun	社会新闻
引き止める	ひきとめる	挽留；阻止	N2	noun	社会新闻
卑怯	ひきょう	卑怯；胆小	N2	noun	社会新闻
引分け	ひきわけ	平局	N2	noun	社会新闻
引き分け	ひきわけ	平局	N2	noun	社会新闻
ピストル	ピストル	手枪	N2	noun	社会新闻
引っ掛かる	ひっかかる	被挂住；上当	N2	noun	社会新闻
筆記	ひっき	笔记	N2	noun	社会新闻
引っ込む	ひっこむ	引入	N2	noun	社会新闻
筆者	ひっしゃ	笔者	N2	noun	社会新闻
必需品	ひつじゅひん	必需品	N2	noun	社会新闻
人差指	ひとさしゆび	食指	N2	noun	社会新闻
一休み	ひとやすみ	休息一下	N2	noun	社会新闻
独り言	ひとりごと	自言自语	N2	noun	社会新闻
皮肉	ひにく	讽刺；挖苦	N2	noun	社会新闻
日日	ひにち	每天；日期	N2	noun	社会新闻
日にち	ひにち	日期；天数	N2	noun	社会新闻
捻る	ひねる	拧；扭	N2	noun	社会新闻
響き	ひびき	回响；音响	N2	noun	社会新闻
響く	ひびく	回响	N2	noun	社会新闻
表紙	ひょうし	表纸	N2	noun	社会新闻
標識	ひょうしき	标识	N2	noun	社会新闻
評論	ひょうろん	评论	N2	noun	社会新闻
昼寝	ひるね	昼寝	N2	noun	社会新闻
広さ	ひろさ	面积；宽广	N2	noun	社会新闻
広々	ひろびろ	宽敞的	N2	noun	社会新闻
不運	ふうん	不幸；倒霉	N2	noun	社会新闻
不規則	ふきそく	不规则	N2	noun	社会新闻
付近	ふきん	付近	N2	noun	社会新闻
副詞	ふくし	副词	N2	noun	社会新闻
複写	ふくしゃ	复写	N2	noun	社会新闻
複数	ふくすう	复数	N2	noun	社会新闻
膨らます	ふくらます	使膨胀；鼓起	N2	noun	社会新闻
膨らむ	ふくらむ	膨胀	N2	noun	社会新闻
不潔	ふけつ	不洁；肮脏	N2	noun	社会新闻
更ける	ふける	（夜）深了	N2	noun	社会新闻
符号	ふごう	符号	N2	noun	社会新闻
夫妻	ふさい	夫妻	N2	noun	社会新闻
塞がる	ふさがる	堵塞；被占用	N2	noun	社会新闻
塞ぐ	ふさぐ	堵住	N2	noun	社会新闻
無沙汰	ぶさた	疏于联络	N2	noun	社会新闻
武士	ぶし	武士	N2	noun	社会新闻
部首	ぶしゅ	部首	N2	noun	社会新闻
附属	ふぞく	附属	N2	noun	社会新闻
付属	ふぞく	附属	N2	noun	社会新闻
物騒	ぶっそう	物骚	N2	noun	社会新闻
父母	ふぼ	父母	N2	noun	社会新闻
フリー	フリー	自由的；空闲的	N2	noun	社会新闻
振り仮名	ふりがな	注音假名	N2	noun	社会新闻
振り向く	ふりむく	回头看	N2	noun	社会新闻
振舞う	ふるまう	举止；行为；请客	N2	noun	社会新闻
プログラム	プログラム	程序	N2	noun	社会新闻
分解	ぶんかい	分解	N2	noun	社会新闻
噴水	ふんすい	喷泉	N2	noun	社会新闻
分布	ぶんぷ	分布	N2	noun	社会新闻
分量	ぶんりょう	分量	N2	noun	社会新闻
分類	ぶんるい	分类	N2	noun	社会新闻
閉会	へいかい	闭会	N2	noun	社会新闻
並行	へいこう	并行	N2	noun	社会新闻
平凡	へいぼん	平凡	N2	noun	社会新闻
凹む	へこむ	凹陷；沮丧	N2	noun	社会新闻
隔てる	へだてる	隔开；疏远	N2	noun	社会新闻
別々	べつべつ	分别；各自	N2	noun	社会新闻
望遠鏡	ぼうえんきょう	望远镜	N2	noun	社会新闻
方角	ほうがく	方向	N2	noun	社会新闻
坊さん	ぼうさん	和尚	N2	noun	社会新闻
防止	ぼうし	防止	N2	noun	社会新闻
法則	ほうそく	法则	N2	noun	社会新闻
坊や	ぼうや	小男孩	N2	noun	社会新闻
放る	ほうる	扔；抛	N2	noun	社会新闻
朗らか	ほがらか	明亮的	N2	noun	社会新闻
干す	ほす	晾干；晒干	N2	noun	社会新闻
ポスター	ポスター	海报	N2	noun	社会新闻
坊っちゃん	ぼっちゃん	少爷；公子	N2	noun	社会新闻
掘る	ほる	挖；掘	N2	noun	社会新闻
彫る	ほる	雕刻	N2	noun	社会新闻
枚数	まいすう	张数	N2	noun	社会新闻
毎度	まいど	每次	N2	noun	社会新闻
曲げる	まげる	弄弯；歪曲	N2	noun	社会新闻
摩擦	まさつ	摩擦	N2	noun	社会新闻
跨ぐ	またぐ	跨过	N2	noun	社会新闻
真っ暗	まっくら	漆黑一片	N2	noun	社会新闻
真っ黒	まっくろ	真黑	N2	noun	社会新闻
真っ青	まっさお	深蓝；脸色铁青	N2	noun	社会新闻
真っ先	まっさき	最先；首先	N2	noun	社会新闻
真っ白	まっしろ	纯白；一片空白	N2	noun	社会新闻
祭る	まつる	祭祀；供奉	N2	noun	社会新闻
真似る	まねる	模仿	N2	noun	社会新闻
間も無く	まもなく	不久；马上	N2	noun	社会新闻
間もなく	まもなく	不久；马上	N2	noun	社会新闻
満員	まんいん	满员	N2	noun	社会新闻
見上げる	みあげる	仰望	N2	noun	社会新闻
見送る	みおくる	送行	N2	noun	社会新闻
見下ろす	みおろす	俯视	N2	noun	社会新闻
見掛け	みかけ	外表；外观	N2	noun	社会新闻
惨めな	みじめな	悲惨的；凄惨的	N2	noun	社会新闻
自ら	みずから	亲自	N2	noun	社会新闻
水着	みずぎ	泳衣	N2	noun	社会新闻
見出し	みだし	见出	N2	noun	社会新闻
見詰める	みつめる	见诘	N2	noun	社会新闻
見慣れる	みなれる	看惯	N2	noun	社会新闻
醜い	みにくい	丑的	N2	noun	社会新闻
見本	みほん	样品	N2	noun	社会新闻
未満	みまん	未满	N2	noun	社会新闻
名字	みょうじ	姓氏	N2	noun	社会新闻
民間	みんかん	民间	N2	noun	社会新闻
民謡	みんよう	民谣	N2	noun	社会新闻
無限	むげん	无限	N2	noun	社会新闻
無地	むじ	素色；无花纹	N2	noun	社会新闻
無数	むすう	无数	N2	noun	社会新闻
群れ	むれ	人群	N2	noun	社会新闻
名作	めいさく	名作；杰作	N2	noun	社会新闻
迷信	めいしん	迷信	N2	noun	社会新闻
命ずる	めいずる	命令	N2	noun	社会新闻
名物	めいぶつ	特产；名产	N2	noun	社会新闻
銘々	めいめい	各自	N2	noun	社会新闻
巡る	めぐる	巡游	N2	noun	社会新闻
目下	めした	目前；眼下	N2	noun	社会新闻
目印	めじるし	标记	N2	noun	社会新闻
目立つ	めだつ	显眼	N2	noun	社会新闻
面積	めんせき	面积	N2	noun	社会新闻
申し訳ない	もうしわけない	对不起	N2	noun	社会新闻
木材	もくざい	木材	N2	noun	社会新闻
潜る	もぐる	潜入	N2	noun	社会新闻
凭れる	もたれる	倚靠；靠着	N2	noun	社会新闻
モダン	モダン	现代的	N2	noun	社会新闻
元々	もともと	原本	N2	noun	社会新闻
物語る	ものがたる	讲述	N2	noun	社会新闻
物凄い	ものすごい	非常厉害	N2	noun	社会新闻
揉む	もむ	揉搓；按摩	N2	noun	社会新闻
催し	もよおし	活动	N2	noun	社会新闻
喧しい	やかましい	吵闹的	N2	noun	社会新闻
矢印	やじるし	箭头	N2	noun	社会新闻
破く	やぶく	撕	N2	noun	社会新闻
軟らかい	やわらかい	软的	N2	noun	社会新闻
夕刊	ゆうかん	晚报	N2	noun	社会新闻
悠々	ゆうゆう	悠闲的；从容的	N2	noun	社会新闻
湯気	ゆげ	热气；蒸汽	N2	noun	社会新闻
油断	ゆだん	疏忽大意	N2	noun	社会新闻
湯飲み	ゆのみ	茶杯	N2	noun	社会新闻
湯飲	ゆのみ	茶杯	N2	noun	社会新闻
緩い	ゆるい	松的；宽松	N2	noun	社会新闻
用語	ようご	用语	N2	noun	社会新闻
要旨	ようし	要旨	N2	noun	社会新闻
容積	ようせき	容积	N2	noun	社会新闻
養分	ようぶん	养分	N2	noun	社会新闻
羊毛	ようもう	羊毛	N2	noun	社会新闻
要領	ようりょう	要领	N2	noun	社会新闻
欲張り	よくばり	贪心	N2	noun	社会新闻
余計	よけい	多余的；多嘴	N2	noun	社会新闻
余所	よそ	别处；他处	N2	noun	社会新闻
四つ角	よつかど	十字路口	N2	noun	社会新闻
酔っ払い	よっぱらい	醉汉	N2	noun	社会新闻
予備	よび	预备	N2	noun	社会新闻
蘇る	よみがえる	复活	N2	noun	社会新闻
慶ぶ	よろこぶ	高兴	N2	noun	社会新闻
ランニング	ランニング	跑步	N2	noun	社会新闻
利害	りがい	利害	N2	noun	社会新闻
リットル	リットル	升	N2	noun	社会新闻
リポート	リポート	报告	N2	noun	社会新闻
略す	りゃくす	省略	N2	noun	社会新闻
流域	りゅういき	流域	N2	noun	社会新闻
両側	りょうがわ	两侧	N2	noun	社会新闻
留守番	るすばん	看家	N2	noun	社会新闻
レクリェーション	レクリェーション	休闲	N2	noun	社会新闻
レジャー	レジャー	休闲	N2	noun	社会新闻
煉瓦	れんが	砖	N2	noun	社会新闻
連合	れんごう	连合	N2	noun	社会新闻
論ずる	ろんずる	讨论	N2	noun	社会新闻
和英	わえい	日英（如：日英词典）	N2	noun	社会新闻
若々しい	わかわかしい	年轻的	N2	noun	社会新闻
詫びる	わびる	道歉	N2	noun	社会新闻
和服	わふく	和服（日式服装）	N2	noun	社会新闻
割合に	わりあいに	比较地	N2	noun	社会新闻
部下	ぶか	下属	N1	noun	工作职场
社長	しゃちょう	社长	N4	noun	工作职场
部長	ぶちょう	部长	N4	noun	工作职场
課長	かちょう	课长	N4	noun	工作职场
監督	かんとく	导演/教练	N3	noun	工作职场
歌手	かしゅ	歌手	N3	noun	工作职场
担当者	たんとうしゃ	负责人	N3	noun	工作职场
事務所	じむしょ	事务所	N4	noun	工作职场
工場	こうじょう	工厂	N4	noun	工作职场
職業	しょくぎょう	职业	N3	noun	工作职场
プレゼン	プレゼン	演示	N3	noun	工作职场
書類	しょるい	文件	N3	noun	工作职场
報告書	ほうこくしょ	报告	N3	noun	工作职场
提案	ていあん	提案	N3	noun	工作职场
交渉	こうしょう	谈判	N1	noun	工作职场
経理	けいり	会计	N3	noun	工作职场
製造	せいぞう	制造	N3	noun	工作职场
リーダー	リーダー	领导	N3	noun	工作职场
スケジュール	スケジュール	日程	N3	noun	工作职场
実績	じっせき	业绩	N2	noun	工作职场
売上	うりあげ	销售额	N2	noun	工作职场
利益	りえき	利润	N3	noun	工作职场
損失	そんしつ	损失	N1	noun	工作职场
予算	よさん	预算	N3	noun	工作职场
経費	けいひ	经费	N1	noun	工作职场
給料	きゅうりょう	工资	N3	noun	工作职场
ボーナス	ボーナス	奖金	N2	noun	工作职场
年収	ねんしゅう	年收入	N3	noun	工作职场
残業	ざんぎょう	加班	N3	noun	工作职场
有給休暇	ゆうきゅうきゅうか	带薪休假	N3	noun	工作职场
出張	しゅっちょう	出差	N2	noun	工作职场
異動	いどう	调动	N3	noun	工作职场
昇進	しょうしん	升职	N1	noun	工作职场
降格	こうかく	降级	N3	noun	工作职场
転職	てんしょく	跳槽	N3	noun	工作职场
退職	たいしょく	辞职/退休	N1	noun	工作职场
解雇	かいこ	解雇	N3	noun	工作职场
履歴書	りれきしょ	简历	N3	noun	工作职场
内定	ないてい	内定（非正式录用通知）	N3	noun	工作职场
研修	けんしゅう	培训	N2	noun	工作职场
引き継ぎ	ひきつぎ	交接	N3	noun	工作职场
名刺	めいし	名片	N3	noun	工作职场
ミス	ミス	失误	N3	noun	工作职场
ノルマ	ノルマ	指标	N3	noun	工作职场
マニュアル	マニュアル	操作手册	N3	noun	工作职场
やりがい	やりがい	成就感/值得做	N3	noun	工作职场
方針	ほうしん	方针	N2	noun	工作职场
方法	ほうほう	方法	N3	noun	工作职场
デメリット	デメリット	缺点	N3	noun	工作职场
パターン	パターン	模式	N2	noun	工作职场
コミュニケーション	コミュニケーション	沟通	N3	noun	工作职场
モチベーション	モチベーション	动力	N3	noun	工作职场
ワークライフバランス	ワークライフバランス	工作生活平衡	N3	noun	工作职场
リモートワーク	リモートワーク	远程办公	N3	noun	工作职场
フリーランス	フリーランス	自由职业	N3	noun	工作职场
キャリア	キャリア	职业生涯	N1	noun	工作职场
スキル	スキル	技能	N3	noun	工作职场
フィードバック	フィードバック	反馈	N3	noun	工作职场
有給	ゆうきゅう	带薪假	N3	noun	工作职场
承認	しょうにん	批准/审批	N3	noun	工作职场
申請	しんせい	申请	N2	noun	工作职场
激しい	はげしい	激烈的	N3	noun	工作职场
鋭い	するどい	尖锐的/敏锐的	N3	noun	工作职场
鈍い	にぶい	迟钝的	N2	noun	工作职场
頼もしい	たのもしい	可靠的	N2	noun	工作职场
心強い	こころづよい	心里有底	N1	noun	工作职场
めんどくさい	めんどくさい	麻烦的	N3	noun	工作职场
真面目	まじめ	认真的；正经的	N4	noun	工作职场
不可能	ふかのう	不可能的	N3	noun	工作职场
適当	てきとう	适当的；随便的	N4	noun	工作职场
明確	めいかく	明确的	N3	noun	工作职场
具体的	ぐたいてき	具体的	N3	noun	工作职场
積極的	せっきょくてき	积极的	N3	noun	工作职场
消極的	しょうきょくてき	消极的	N2	noun	工作职场
効果的	こうかてき	有效的	N3	noun	工作职场
合理的	ごうりてき	合理的	N2	noun	工作职场
客観的	きゃっかんてき	客观的	N2	noun	工作职场
主観的	しゅかんてき	主观的	N2	noun	工作职场
理想的	りそうてき	理想的	N3	noun	工作职场
現実的	げんじつてき	现实的	N3	noun	工作职场
立派	りっぱ	出色的	N4	noun	工作职场
重大	じゅうだい	重大的	N3	noun	工作职场
冷静	れいせい	冷静的	N3	noun	工作职场
厄介	やっかい	棘手的	N3	noun	工作职场
有利	ゆうり	有利的	N3	noun	工作职场
会社員	かいしゃいん	公司职员	N5	noun	工作职场
ネクタイ	ねくたい	领带	N5	noun	工作职场
勤める	つとめる	工作（于）	N5	noun	工作职场
産業	さんぎょう	产业	N4	noun	工作职场
生産	せいさん	生产	N4	noun	工作职场
寝坊	ねぼう	睡过头	N4	noun	工作职场
場合	ばあい	情况	N4	noun	工作职场
用意	ようい	准备	N4	noun	工作职场
用事	ようじ	事情	N4	noun	工作职场
申す	もうす	说（谦）	N4	noun	工作职场
真剣	しんけん	认真的	N4	noun	工作职场
部署	ぶしょ	部门	N3	noun	工作职场
採用	さいよう	录用	N3	noun	工作职场
事務	じむ	事务	N3	noun	工作职场
機会	きかい	机会	N3	noun	工作职场
与える	あたえる	给予	N3	noun	工作职场
扱う	あつかう	处理；对待	N3	noun	工作职场
確かめる	たしかめる	确认	N3	noun	工作职场
望む	のぞむ	期望	N3	noun	工作职场
延ばす	のばす	延长	N3	noun	工作职场
段階	だんかい	阶段	N3	noun	工作职场
対象	たいしょう	对象	N3	noun	工作职场
態度	たいど	态度	N3	noun	工作职场
処理	しょり	处理	N3	noun	工作职场
溢れる	あふれる	溢出	N3	noun	工作职场
抱える	かかえる	抱着；面临	N3	noun	工作职场
震える	ふるえる	颤抖	N3	noun	工作职场
純粋	じゅんすい	纯粹的	N3	noun	工作职场
かなり	かなり	相当	N3	noun	工作职场
やはり	やはり	果然	N3	noun	工作职场
いきなり	いきなり	突然	N3	noun	工作职场
議会	ぎかい	议会	N2	noun	工作职场
需要	じゅよう	需求	N2	noun	工作职场
戦略	せんりゃく	战略	N2	noun	工作职场
資本	しほん	资本	N2	noun	工作职场
審査	しんさ	审查	N2	noun	工作职场
動機	どうき	动机	N2	noun	工作职场
意図	いと	意图	N2	noun	工作职场
妥協	だきょう	妥协	N2	noun	工作职场
誤る	あやまる	弄错	N2	noun	工作职场
争う	あらそう	争夺	N2	noun	工作职场
挑む	いどむ	挑战	N2	noun	工作职场
促す	うながす	催促	N2	noun	工作职场
追い込む	おいこむ	逼入	N2	noun	工作职场
補う	おぎなう	补充	N2	noun	工作职场
企てる	くわだてる	策划	N2	noun	工作职场
従う	したがう	服从	N2	noun	工作职场
占める	しめる	占据	N2	noun	工作职场
絞る	しぼる	拧；筛选	N2	noun	工作职场
企む	たくらむ	图谋	N2	noun	工作职场
募る	つのる	招募；加深	N2	noun	工作职场
唱える	となえる	提倡	N2	noun	工作职场
極める	きわめる	达到极点	N2	noun	工作职场
阻む	はばむ	阻碍	N2	noun	工作职场
果たす	はたす	完成	N2	noun	工作职场
省く	はぶく	省略	N2	noun	工作职场
妨げる	さまたげる	妨碍	N2	noun	工作职场
抑える	おさえる	抑制	N2	noun	工作职场
強いる	しいる	强迫	N2	noun	工作职场
見なす	みなす	视为	N2	noun	工作职场
慌ただしい	あわただしい	忙乱的	N2	noun	工作职场
安易	あんい	轻率的	N2	noun	工作职场
強固	きょうこ	坚固的	N2	noun	工作职场
巧妙	こうみょう	巧妙的	N2	noun	工作职场
着実	ちゃくじつ	踏实的	N2	noun	工作职场
的確	てきかく	准确的	N2	noun	工作职场
不可欠	ふかけつ	不可缺少的	N2	noun	工作职场
何より	なにより	最重要的	N2	noun	工作职场
もっぱら	もっぱら	专门	N2	noun	工作职场
配属	はいぞく	分配	N2	noun	工作职场
資格	しかく	资格	N2	noun	工作职场
能率	のうりつ	效率	N2	noun	工作职场
効率	こうりつ	效率	N2	noun	工作职场
発注	はっちゅう	下单	N2	noun	工作职场
納品	のうひん	交货	N2	noun	工作职场
問題点	もんだいてん	问题点	N2	noun	工作职场
実施	じっし	实施	N2	noun	工作职场
人材	じんざい	人才	N2	noun	工作职场
長所	ちょうしょ	优点	N2	noun	工作职场
短所	たんしょ	缺点	N2	noun	工作职场
欠点	けってん	缺点	N2	noun	工作职场
要点	ようてん	要点	N2	noun	工作职场
概要	がいよう	概要	N2	noun	工作职场
詳細	しょうさい	详情	N2	noun	工作职场
推測	すいそく	推测	N2	noun	工作职场
検証	けんしょう	验证	N2	noun	工作职场
指標	しひょう	指标	N2	noun	工作职场
功績	こうせき	功绩	N2	noun	工作职场
欠陥	けっかん	缺陷	N2	noun	工作职场
展開	てんかい	展开	N2	noun	工作职场
進展	しんてん	进展	N2	noun	工作职场
転換	てんかん	转换	N2	noun	工作职场
当てはまる	あてはまる	适用	N2	noun	工作职场
打ち出す	うちだす	提出	N2	noun	工作职场
打ち消す	うちけす	否定	N2	noun	工作职场
裏付ける	うらづける	证实	N2	noun	工作职场
応える	こたえる	回应	N2	noun	工作职场
押し付ける	おしつける	强加	N2	noun	工作职场
心がける	こころがける	留心	N2	noun	工作职场
差し支える	さしつかえる	有妨碍	N2	noun	工作职场
仕上げる	しあげる	完成	N2	noun	工作职场
仕切る	しきる	主持	N2	noun	工作职场
絞り込む	しぼりこむ	筛选	N2	noun	工作职场
高める	たかめる	提高	N2	noun	工作职场
蓄積する	ちくせきする	积累	N2	noun	工作职场
追求する	ついきゅうする	追求	N2	noun	工作职场
手掛ける	てがける	着手	N2	noun	工作职场
成し遂げる	なしとげる	完成	N2	noun	工作职场
乗り越える	のりこえる	克服	N2	noun	工作职场
見通す	みとおす	预见	N2	noun	工作职场
結びつく	むすびつく	联系	N2	noun	工作职场
盛り込む	もりこむ	纳入	N2	noun	工作职场
厳密	げんみつ	严密的	N2	noun	工作职场
堅実	けんじつ	踏实的	N2	noun	工作职场
主体的	しゅたいてき	主体的	N2	noun	工作职场
徹底的	てっていてき	彻底的	N2	noun	工作职场
抜本的	ばっぽんてき	根本性的	N2	noun	工作职场
飛躍的	ひやくてき	飞跃的	N2	noun	工作职场
速やかに	すみやかに	迅速地	N2	noun	工作职场
コピーする	コピーする	复制	N5	noun	工作职场
一生懸命	いっしょうけんめい	拼命地；全力以赴	N4	noun	工作职场
会議室	かいぎしつ	会议室	N4	noun	工作职场
チェックする	チェックする	检查	N4	noun	工作职场
承知	しょうちする	知道了；同意	N4	noun	工作职场
工業	こうぎょう	工业	N4	noun	工作职场
実現	じつげん	实现	N3	noun	工作职场
実行	じっこう	实行	N3	noun	工作职场
実力	じつりょく	实力	N3	noun	工作职场
支店	してん	分店	N3	noun	工作职场
出場	しゅつじょう	出场	N3	noun	工作职场
主要	しゅよう	主要	N3	noun	工作职场
順調	じゅんちょう	顺利	N3	noun	工作职场
使用	しよう	使用	N3	noun	工作职场
消防	しょうぼう	消防	N3	noun	工作职场
省略	しょうりゃく	省略	N3	noun	工作职场
助手	じょしゅ	助手	N3	noun	工作职场
推薦	すいせん	推荐	N3	noun	工作职场
オフィス	オフィス	办公室	N3	noun	工作职场
稼ぐ	かせぐ	赚钱	N3	noun	工作职场
器械	きかい	器械；仪器	N3	noun	工作职场
機関	きかん	机关	N3	noun	工作职场
技師	ぎし	技师；工程师	N3	noun	工作职场
記者	きしゃ	记者	N3	noun	工作职场
組合	くみあい	组合	N3	noun	工作职场
訓練	くんれん	训练	N3	noun	工作职场
現場	げんば	现场	N3	noun	工作职场
講演	こうえん	演讲	N3	noun	工作职场
機構	きこう	机构	N3	noun	工作职场
勤め	つとめ	工作；职务	N3	noun	工作职场
務め	つとめ	义务	N3	noun	工作职场
詰める	つめる	塞满；缩短；详细商讨	N3	noun	工作职场
トレーニング	トレーニング	训练	N3	noun	工作职场
ボーイ	ボーイ	服务生	N3	noun	工作职场
マスター	マスター	掌握；老板	N3	noun	工作职场
私用	しよう	私用	N3	noun	工作职场
継ぐ	つぐ	继承	N3	noun	工作职场
打合せ	うちあわせ	商谈；碰头会	N2	noun	工作职场
応接	おうせつ	接待	N2	noun	工作职场
応対	おうたい	应对	N2	noun	工作职场
応用	おうよう	应用	N2	noun	工作职场
お手伝いさん	おてつだいさん	女佣；帮佣	N2	noun	工作职场
会館	かいかん	会馆	N2	noun	工作职场
給与	きゅうよ	工资；薪水	N2	noun	工作职场
休養	きゅうよう	休养；疗养	N2	noun	工作职场
漁業	ぎょぎょう	渔业	N2	noun	工作职场
月給	げっきゅう	月给	N2	noun	工作职场
傑作	けっさく	杰作	N2	noun	工作职场
工員	こういん	工员	N2	noun	工作职场
ご苦労様	ごくろうさま	辛苦了	N2	noun	工作职场
サークル	サークル	社团；圆圈	N2	noun	工作职场
サラリーマン	サラリーマン	上班族	N2	noun	工作职场
集会	しゅうかい	集会	N2	noun	工作职场
就任	しゅうにん	就任	N2	noun	工作职场
重役	じゅうやく	董事；高管	N2	noun	工作职场
出勤	しゅっきん	出勤；上班	N2	noun	工作职场
商業	しょうぎょう	商业	N2	noun	工作职场
商社	しょうしゃ	贸易公司	N2	noun	工作职场
職人	しょくにん	职人	N2	noun	工作职场
スタート	スタート	出发	N2	noun	工作职场
製作	せいさく	制作	N2	noun	工作职场
清書	せいしょ	清书	N2	noun	工作职场
背負う	せおう	背负	N2	noun	工作职场
接する	せっする	接触；对待	N2	noun	工作职场
倉庫	そうこ	仓库	N2	noun	工作职场
造船	ぞうせん	造船	N2	noun	工作职场
大工	だいく	木匠	N2	noun	工作职场
炭鉱	たんこう	煤矿	N2	noun	工作职场
務める	つとめる	担任	N2	noun	工作职场
定員	ていいん	定员；限额	N2	noun	工作职场
当番	とうばん	值班；值日	N2	noun	工作职场
採る	とる	采取；录用	N2	noun	工作职场
日課	にっか	日常功课；每天的安排	N2	noun	工作职场
日程	にってい	日程	N2	noun	工作职场
年度	ねんど	年度；财年	N2	noun	工作职场
判事	はんじ	法官	N2	noun	工作职场
兵隊	へいたい	士兵	N2	noun	工作职场
ベテラン	ベテラン	老手	N2	noun	工作职场
募集	ぼしゅう	招募	N2	noun	工作职场
本部	ほんぶ	本部	N2	noun	工作职场
モデル	モデル	模特	N2	noun	工作职场
役者	やくしゃ	演员	N2	noun	工作职场
役人	やくにん	官员；公务员	N2	noun	工作职场
漁師	りょうし	渔夫	N2	noun	工作职场
領事	りょうじ	领事	N2	noun	工作职场
領収	りょうしゅう	领收；收据	N2	noun	工作职场
先輩	せんぱい	前辈	N4	noun	学校教育
後輩	こうはい	后辈	N3	noun	学校教育
生徒	せいと	学生（初高中）	N5	noun	学校教育
留学生	りゅうがくせい	留学生	N5	noun	学校教育
図書館	としょかん	图书馆	N5	noun	学校教育
グラウンド	グラウンド	操场	N3	noun	学校教育
講義	こうぎ	讲座	N4	noun	学校教育
科目	かもく	科目	N3	noun	学校教育
テスト	テスト	测验	N5	noun	学校教育
成績	せいせき	成绩	N3	noun	学校教育
点数	てんすう	分数	N2	noun	学校教育
不合格	ふごうかく	不及格	N3	noun	学校教育
奨学金	しょうがくきん	奖学金	N3	noun	学校教育
学費	がくひ	学费	N3	noun	学校教育
レポート	レポート	报告	N3	noun	学校教育
論文	ろんぶん	论文	N3	noun	学校教育
教科書	きょうかしょ	教科书	N3	noun	学校教育
参考書	さんこうしょ	参考书	N3	noun	学校教育
辞書	じしょ	词典	N5	noun	学校教育
発音	はつおん	发音	N4	noun	学校教育
文章	ぶんしょう	文章	N5	noun	学校教育
作文	さくぶん	作文	N5	noun	学校教育
翻訳	ほんやく	翻译	N4	noun	学校教育
通訳	つうやく	口译	N3	noun	学校教育
知識	ちしき	知识	N3	noun	学校教育
常識	じょうしき	常识	N3	noun	学校教育
才能	さいのう	才能	N3	noun	学校教育
予習	よしゅう	预习	N4	noun	学校教育
ジャンル	ジャンル	类型	N1	noun	学校教育
授業参観	じゅぎょうさんかん	教学观摩	N3	noun	学校教育
保護者	ほごしゃ	监护人	N3	noun	学校教育
学童	がくどう	课后托管	N3	noun	学校教育
易しい	やさしい	简单的	N5	noun	学校教育
賢い	かしこい	聪明的	N3	noun	学校教育
紛らわしい	まぎらわしい	容易搞混的	N1	noun	学校教育
苦手	にがて	不擅长；怕	N3	noun	学校教育
下手	へた	不擅长；笨拙	N5	noun	学校教育
抽象的	ちゅうしょうてき	抽象的	N2	noun	学校教育
基本的	きほんてき	基本的	N3	noun	学校教育
鉛筆	えんぴつ	铅笔	N5	noun	学校教育
ペン	ぺん	笔	N5	noun	学校教育
質問	しつもん	提问	N5	noun	学校教育
いつも	いつも	总是	N5	noun	学校教育
だんだん	だんだん	渐渐	N5	noun	学校教育
たぶん	たぶん	大概	N5	noun	学校教育
大勢	おおぜい	很多人	N5	noun	学校教育
一つ	ひとつ	一个	N5	noun	学校教育
二つ	ふたつ	两个	N5	noun	学校教育
三つ	みっつ	三个	N5	noun	学校教育
科学	かがく	科学	N4	noun	学校教育
中学校	ちゅうがっこう	初中	N4	noun	学校教育
両方	りょうほう	双方	N4	noun	学校教育
数える	かぞえる	数数	N4	noun	学校教育
叱る	しかる	训斥	N4	noun	学校教育
熱心	ねっしん	热心的	N4	noun	学校教育
出席	しゅっせき	出席	N3	noun	学校教育
欠席	けっせき	缺席	N3	noun	学校教育
単位	たんい	学分；单位	N3	noun	学校教育
研究	けんきゅう	研究	N3	noun	学校教育
実験	じっけん	实验	N3	noun	学校教育
数学	すうがく	数学	N3	noun	学校教育
文学	ぶんがく	文学	N3	noun	学校教育
哲学	てつがく	哲学	N3	noun	学校教育
感想	かんそう	感想	N3	noun	学校教育
違い	ちがい	不同	N3	noun	学校教育
表す	あらわす	表示	N3	noun	学校教育
含む	ふくむ	包含	N3	noun	学校教育
気づく	きづく	注意到	N3	noun	学校教育
繰り返す	くりかえす	重复	N3	noun	学校教育
加える	くわえる	加上	N3	noun	学校教育
超える	こえる	超过	N3	noun	学校教育
分ける	わける	分开	N3	noun	学校教育
倍	ばい	倍；加倍	N3	noun	学校教育
平均	へいきん	平均	N3	noun	学校教育
構造	こうぞう	结构	N3	noun	学校教育
見事	みごと	出色的	N3	noun	学校教育
せっかく	せっかく	好不容易	N3	noun	学校教育
ついに	ついに	终于	N3	noun	学校教育
なるべく	なるべく	尽量	N3	noun	学校教育
わざと	わざと	故意	N3	noun	学校教育
きちんと	きちんと	整齐地	N3	noun	学校教育
そっと	そっと	悄悄地	N3	noun	学校教育
仮説	かせつ	假说	N2	noun	学校教育
分析	ぶんせき	分析	N2	noun	学校教育
定義	ていぎ	定义	N2	noun	学校教育
根拠	こんきょ	根据	N2	noun	学校教育
矛盾	むじゅん	矛盾	N2	noun	学校教育
作者	さくしゃ	作者	N2	noun	学校教育
観点	かんてん	观点	N2	noun	学校教育
視点	してん	视角	N2	noun	学校教育
前提	ぜんてい	前提	N2	noun	学校教育
抽象	ちゅうしょう	抽象	N2	noun	学校教育
恩師	おんし	恩师	N2	noun	学校教育
悟る	さとる	领悟	N2	noun	学校教育
励む	はげむ	努力	N2	noun	学校教育
称する	しょうする	称为	N2	noun	学校教育
実習	じっしゅう	实习	N2	noun	学校教育
人格	じんかく	人格	N2	noun	学校教育
個性	こせい	个性	N2	noun	学校教育
素質	そしつ	素质	N2	noun	学校教育
向上心	こうじょうしん	上进心	N2	noun	学校教育
道徳	どうとく	道德	N2	noun	学校教育
倫理	りんり	伦理	N2	noun	学校教育
仮定	かてい	假定	N2	noun	学校教育
片仮名	かたかな	片假名	N5	noun	学校教育
字引	じびき	字典	N5	noun	学校教育
夏休み	なつやすみ	暑假	N5	noun	学校教育
平仮名	ひらがな	平假名	N5	noun	学校教育
大学生	だいがくせい	大学生	N4	noun	学校教育
レポート; リポート	レポート; リポート	报告	N4	noun	学校教育
できるだけ	できるだけ	尽可能	N4	noun	学校教育
柔道	じゅうどう	柔道	N4	noun	学校教育
小学校	しょうがっこう	小学	N4	noun	学校教育
辞典	じてん	词典	N4	noun	学校教育
校長	こうちょう	校长	N4	noun	学校教育
講堂	こうどう	礼堂	N4	noun	学校教育
負ける	まける	输；败	N4	noun	学校教育
高校生	こうこうせい	高中生	N4	noun	学校教育
高校; 高等学校	こうこう; こうとうがっこう	高中	N4	noun	学校教育
いじめる	いじめる	欺负	N4	noun	学校教育
研究室	けんきゅうしつ	研究室；教授办公室	N4	noun	学校教育
勝つ	かつ	赢	N4	noun	学校教育
参考	さんこう	参考	N3	noun	学校教育
詩人	しじん	詩人	N3	noun	学校教育
失業	しつぎょう	失业	N3	noun	学校教育
指導	しどう	指导	N3	noun	学校教育
上達	じょうたつ	进步；提高	N3	noun	学校教育
少年	しょうねん	少年	N3	noun	学校教育
暗記	あんき	暗记	N3	noun	学校教育
委員	いいん	委员	N3	noun	学校教育
学者	がくしゃ	学者	N3	noun	学校教育
学習	がくしゅう	学习	N3	noun	学校教育
学期	がっき	学期	N3	noun	学校教育
課程	かてい	课程	N3	noun	学校教育
記念	きねん	纪念	N3	noun	学校教育
教授	きょうじゅ	教授	N3	noun	学校教育
語学	ごがく	语言学习	N3	noun	学校教育
国語	こくご	国语	N3	noun	学校教育
黒板	こくばん	黑板	N3	noun	学校教育
名詞	めいし	名词	N3	noun	学校教育
滅多に	めったに	很少	N3	noun	学校教育
学歴	がくれき	学历	N3	noun	学校教育
季刊	きかん	季刊	N3	noun	学校教育
専攻	せんこう	专业；主修	N3	noun	学校教育
中学	ちゅうがく	中学	N3	noun	学校教育
通学	つうがく	通学	N3	noun	学校教育
就く	つく	就任；从事	N3	noun	学校教育
答案	とうあん	答案；试卷	N3	noun	学校教育
動詞	どうし	动词	N3	noun	学校教育
童謡	どうよう	童谣	N3	noun	学校教育
博士	はかせ	博士	N3	noun	学校教育
志望	しぼう	志愿；志向	N3	noun	学校教育
生涯	しょうがい	一生	N3	noun	学校教育
助詞	じょし	助词	N3	noun	学校教育
退学	たいがく	退学	N3	noun	学校教育
転校	てんこう	转校	N3	noun	学校教育
一流	いちりゅう	一流	N2	noun	学校教育
英文	えいぶん	英文	N2	noun	学校教育
英和	えいわ	英日（如：英日词典）	N2	noun	学校教育
円周	えんしゅう	圆周	N2	noun	学校教育
送り仮名	おくりがな	送假名	N2	noun	学校教育
書取	かきとり	听写	N2	noun	学校教育
学術	がくじゅつ	学术	N2	noun	学校教育
角度	かくど	角度	N2	noun	学校教育
学年	がくねん	学年	N2	noun	学校教育
学部	がくぶ	院系（大学）	N2	noun	学校教育
確率	かくりつ	概率	N2	noun	学校教育
学力	がくりょく	学力	N2	noun	学校教育
掛け算	かけざん	乘法	N2	noun	学校教育
学科	がっか	学科	N2	noun	学校教育
学会	がっかい	学会	N2	noun	学校教育
学級	がっきゅう	年级	N2	noun	学校教育
仮名遣い	かなづかい	假名用法	N2	noun	学校教育
漢和	かんわ	汉日（如：汉日词典）	N2	noun	学校教育
休講	きゅうこう	停课	N2	noun	学校教育
教養	きょうよう	教养；修养	N2	noun	学校教育
曲線	きょくせん	曲线	N2	noun	学校教育
偶数	ぐうすう	偶数	N2	noun	学校教育
稽古	けいこ	练习；排练	N2	noun	学校教育
見学	けんがく	参观学习	N2	noun	学校教育
高級	こうきゅう	高级	N2	noun	学校教育
高等	こうとう	高等	N2	noun	学校教育
高等学校	こうとうがっこう	高中	N2	noun	学校教育
国立	こくりつ	国立	N2	noun	学校教育
五十音	ごじゅうおん	五十音图	N2	noun	学校教育
在学	ざいがく	在学；在校	N2	noun	学校教育
採点	さいてん	评分；打分	N2	noun	学校教育
索引	さくいん	索引	N2	noun	学校教育
削除	さくじょ	删除	N2	noun	学校教育
作製	さくせい	作制	N2	noun	学校教育
三角	さんかく	三角	N2	noun	学校教育
算数	さんすう	算术	N2	noun	学校教育
時間割	じかんわり	课程表	N2	noun	学校教育
四捨五入	ししゃごにゅう	四舍五入	N2	noun	学校教育
自習	じしゅう	自习	N2	noun	学校教育
習字	しゅうじ	练字；书法练习	N2	noun	学校教育
周辺	しゅうへん	周边	N2	noun	学校教育
熟語	じゅくご	熟语	N2	noun	学校教育
主語	しゅご	主语	N2	noun	学校教育
述語	じゅつご	述语	N2	noun	学校教育
小学生	しょうがくせい	小学生	N2	noun	学校教育
上級	じょうきゅう	上级	N2	noun	学校教育
小数	しょうすう	小数	N2	noun	学校教育
初級	しょきゅう	初级	N2	noun	学校教育
助教授	じょきょうじゅ	副教授	N2	noun	学校教育
書籍	しょせき	书籍	N2	noun	学校教育
書道	しょどう	书道	N2	noun	学校教育
初歩	しょほ	初步	N2	noun	学校教育
私立	しりつ	私立	N2	noun	学校教育
スクール	スクール	学校	N2	noun	学校教育
図形	ずけい	图形	N2	noun	学校教育
図表	ずひょう	图表	N2	noun	学校教育
青少年	せいしょうねん	青少年	N2	noun	学校教育
整数	せいすう	整数	N2	noun	学校教育
正方形	せいほうけい	正方形	N2	noun	学校教育
全集	ぜんしゅう	全集	N2	noun	学校教育
測量	そくりょう	测量	N2	noun	学校教育
算盤	そろばん	算盘	N2	noun	学校教育
大学院	だいがくいん	研究生院	N2	noun	学校教育
体積	たいせき	体积	N2	noun	学校教育
代名詞	だいめいし	代名词	N2	noun	学校教育
ダイヤグラム	ダイヤグラム	图表	N2	noun	学校教育
楕円	だえん	椭圆	N2	noun	学校教育
単数	たんすう	单数	N2	noun	学校教育
中間	ちゅうかん	中间	N2	noun	学校教育
中性	ちゅうせい	中性	N2	noun	学校教育
チョーク	チョーク	粉笔	N2	noun	学校教育
長方形	ちょうほうけい	长方形	N2	noun	学校教育
直線	ちょくせん	直线	N2	noun	学校教育
直角	ちょっかく	直角	N2	noun	学校教育
直径	ちょっけい	直径	N2	noun	学校教育
弟子	でし	弟子；徒弟	N2	noun	学校教育
等分	とうぶん	等分	N2	noun	学校教育
童話	どうわ	童话	N2	noun	学校教育
謎謎	なぞなぞ	谜语	N2	noun	学校教育
斜め	ななめ	斜的；倾斜	N2	noun	学校教育
倣う	ならう	仿效；模仿	N2	noun	学校教育
半径	はんけい	半径	N2	noun	学校教育
引算	ひきざん	减法	N2	noun	学校教育
引っ繰り返す	ひっくりかえす	翻转；推翻	N2	noun	学校教育
引っ繰り返る	ひっくりかえる	翻倒；颠倒	N2	noun	学校教育
百科事典	ひゃっかじてん	百科全书	N2	noun	学校教育
標本	ひょうほん	标本	N2	noun	学校教育
プリント	プリント	打印	N2	noun	学校教育
文芸	ぶんげい	文艺	N2	noun	学校教育
文献	ぶんけん	文献	N2	noun	学校教育
分数	ぶんすう	分数	N2	noun	学校教育
文体	ぶんたい	文体	N2	noun	学校教育
文脈	ぶんみゃく	文脈	N2	noun	学校教育
編集	へんしゅう	编辑	N2	noun	学校教育
方程式	ほうていしき	方程式	N2	noun	学校教育
満点	まんてん	满点	N2	noun	学校教育
幼児	ようじ	幼儿	N2	noun	学校教育
幼稚	ようち	幼稚	N2	noun	学校教育
幼稚園	ようちえん	幼儿园	N2	noun	学校教育
落第	らくだい	不及格	N2	noun	学校教育
理科	りか	理科	N2	noun	学校教育
零点	れいてん	零分	N2	noun	学校教育
割算	わりざん	除法	N2	noun	学校教育
鞄	かばん	包	N5	noun	生活用品
靴	くつ	鞋	N5	noun	生活用品
帽子	ぼうし	帽子	N5	noun	生活用品
冷蔵庫	れいぞうこ	冰箱	N5	noun	生活用品
洗濯機	せんたくき	洗衣机	N3	noun	生活用品
掃除機	そうじき	吸尘器	N3	noun	生活用品
電子レンジ	でんしレンジ	微波炉	N3	noun	生活用品
ティッシュ	ティッシュ	纸巾	N4	noun	生活用品
石鹸	せっけん	肥皂	N5	noun	生活用品
歯ブラシ	はブラシ	牙刷	N4	noun	生活用品
ハンカチ	ハンカチ	手帕	N5	noun	生活用品
ゴミ袋	ゴミぶくろ	垃圾袋	N4	noun	生活用品
瓶	びん	瓶	N3	noun	生活用品
缶	かん	罐	N3	noun	生活用品
洋服	ようふく	西式衣服	N5	noun	生活用品
着物	きもの	和服	N4	noun	生活用品
シャツ	シャツ	衬衫	N5	noun	生活用品
Tシャツ	Tシャツ	T恤	N4	noun	生活用品
セーター	セーター	毛衣	N5	noun	生活用品
コート	コート	大衣	N5	noun	生活用品
スーツ	スーツ	西装	N4	noun	生活用品
ズボン	ズボン	裤子	N5	noun	生活用品
スカート	スカート	裙子	N5	noun	生活用品
ワンピース	ワンピース	连衣裙	N2	noun	生活用品
下着	したぎ	内衣	N4	noun	生活用品
靴下	くつした	袜子	N5	noun	生活用品
スニーカー	スニーカー	运动鞋	N4	noun	生活用品
サンダル	サンダル	凉鞋	N4	noun	生活用品
アクセサリー	アクセサリー	饰品	N4	noun	生活用品
指輪	ゆびわ	戒指	N4	noun	生活用品
ネックレス	ネックレス	项链	N2	noun	生活用品
ポケット	ポケット	口袋	N5	noun	生活用品
楽器	がっき	乐器	N3	noun	生活用品
ピアノ	ピアノ	钢琴	N4	noun	生活用品
ギター	ギター	吉他	N5	noun	生活用品
粗大ゴミ	そだいゴミ	大件垃圾	N2	noun	生活用品
押入れ	おしいれ	壁橱	N4	noun	生活用品
物干し	ものほし	晾衣架	N3	noun	生活用品
ハンガー	ハンガー	衣架	N1	noun	生活用品
蛇口	じゃぐち	水龙头	N2	noun	生活用品
コンセント	コンセント	插座	N2	noun	生活用品
スイッチ	スイッチ	开关	N3	noun	生活用品
照明	しょうめい	照明	N3	noun	生活用品
シンク	シンク	水槽	N3	noun	生活用品
低い	ひくい	低的/矮的	N5	noun	生活用品
太い	ふとい	粗的	N5	noun	生活用品
硬い	かたい	硬的	N3	noun	生活用品
柔らかい	やわらかい	软的	N4	noun	生活用品
黒い	くろい	黑的	N5	noun	生活用品
青い	あおい	蓝的	N5	noun	生活用品
丸い	まるい	圆的	N5	noun	生活用品
臭い	くさい	臭的	N3	noun	生活用品
弱い	よわい	弱的	N5	noun	生活用品
浅い	あさい	浅的	N4	noun	生活用品
器用	きよう	手巧的	N3	noun	生活用品
不器用	ぶきよう	笨拙的	N3	noun	生活用品
素朴	そぼく	朴素的	N1	noun	生活用品
テープ	てーぷ	胶带；磁带	N5	noun	生活用品
消える	きえる	消失	N5	noun	生活用品
消す	けす	关（灯）；擦掉	N5	noun	生活用品
脱ぐ	ぬぐ	脱（衣服）	N5	noun	生活用品
引く	ひく	拉；引	N5	noun	生活用品
綺麗	きれい	漂亮；干净	N5	noun	生活用品
丈夫	じょうぶ	结实的；坚固的	N5	noun	生活用品
人形	にんぎょう	人偶	N4	noun	生活用品
見つける	みつける	找到	N4	noun	生活用品
飾る	かざる	装饰	N4	noun	生活用品
触る	さわる	触摸	N4	noun	生活用品
抜く	ぬく	拔出	N4	noun	生活用品
割れる	われる	碎裂	N4	noun	生活用品
振る	ふる	挥；摇；甩	N3	noun	生活用品
道具	どうぐ	工具	N3	noun	生活用品
針	はり	针	N3	noun	生活用品
糸	いと	线	N3	noun	生活用品
保つ	たもつ	保持	N3	noun	生活用品
遮る	さえぎる	遮挡	N2	noun	生活用品
備わる	そなわる	具备	N2	noun	生活用品
煩わしい	わずらわしい	麻烦的	N2	noun	生活用品
足; 脚	あし	脚；腿	N5	noun	生活用品
あそこ	あそこ	那里；那边；那个地方	N5	noun	生活用品
あちら	あちら	这边	N5	noun	生活用品
あっち	あっち	那边	N5	noun	生活用品
浴びる	あびる	沐浴；淋浴	N5	noun	生活用品
余り	あまり	不太；剩余	N5	noun	生活用品
在る	ある	在；存在；有	N5	noun	生活用品
いい; よい	いい; よい	好的	N5	noun	生活用品
いいえ	いいえ	不；不是	N5	noun	生活用品
いかが	いかが	怎么样；以何种方式	N5	noun	生活用品
五日	いつか	五天；五号	N5	noun	生活用品
色々	いろいろ	各种各样的	N5	noun	生活用品
お皿	おさら	盘子	N5	noun	生活用品
伯父; 叔父さん	おじさん	叔叔	N5	noun	生活用品
おととし	おととし	前年	N5	noun	生活用品
伯母さん; 叔母さん	おばさん	阿姨	N5	noun	生活用品
終る	おわる	结束；关闭	N5	noun	生活用品
閉まる	しまる	关闭	N5	noun	生活用品
じゃ; じゃあ	じゃ; じゃあ	那么	N5	noun	生活用品
すぐに	すぐに	马上；很快	N5	noun	生活用品
ストーブ	ストーブ	暖炉	N5	noun	生活用品
背広	せびろ	西装	N5	noun	生活用品
そう; そうです	そう; そうです	是；appears, to be the case	N5	noun	生活用品
そうして; そして	そうして; そして	然后；于是	N5	noun	生活用品
そちら	そちら	那边	N5	noun	生活用品
そっち	そっち	那边	N5	noun	生活用品
それから	それから	然后；之后	N5	noun	生活用品
それでは	それでは	那么；既然如此	N5	noun	生活用品
たばこ	たばこ	烟；香烟	N5	noun	生活用品
多分	たぶん	也许；大概	N5	noun	生活用品
誰か	だれか	某人	N5	noun	生活用品
段々	だんだん	渐渐地	N5	noun	生活用品
つける	つける	to turn on (e.g., a light)；拿；带	N5	noun	生活用品
どうして	どうして	为什么	N5	noun	生活用品
どうも	どうも	谢谢；总觉得	N5	noun	生活用品
十日	とおか	十天；十号	N5	noun	生活用品
どっち	どっち	哪个；哪边	N5	noun	生活用品
どなた	どなた	哪位（敬语）	N5	noun	生活用品
七日	なのか	七天；七号	N5	noun	生活用品
パーティー	パーティー	派对	N5	noun	生活用品
初め; 始め	はじめ	开始；起初	N5	noun	生活用品
二十日	はつか	二十天；二十号	N5	noun	生活用品
一月	ひとつき	一个月	N5	noun	生活用品
マッチ	マッチ	火柴	N5	noun	生活用品
三日	みっか	三天；三号	N5	noun	生活用品
六日	むいか	六天；六号	N5	noun	生活用品
ゆっくりと	ゆっくりと	慢慢地；从容地	N5	noun	生活用品
八日	ようか	八天；八号	N5	noun	生活用品
四日	よっか	四天；四号	N5	noun	生活用品
再来月	さらいげつ	下下个月	N4	noun	生活用品
光る	ひかる	发光	N4	noun	生活用品
一度	いちど	一次	N4	noun	生活用品
ご主人	ごしゅじん	您丈夫；老板	N4	noun	生活用品
お嬢さん	おじょうさん	令千金（敬语）	N4	noun	生活用品
今夜	こんや	今晚	N4	noun	生活用品
差し上げる	さしあげる	给（谦逊语）	N4	noun	生活用品
おもちゃ	おもちゃ	玩具	N4	noun	生活用品
打つ	うつ	打；击	N4	noun	生活用品
再来週	さらいしゅう	下下周	N4	noun	生活用品
周り	まわり	周围	N4	noun	生活用品
支度	したくする	准备	N4	noun	生活用品
折れる	おれる	打破；转	N4	noun	生活用品
忘れ物	わすれもの	遗失物	N4	noun	生活用品
お子さん	おこさん	孩子	N4	noun	生活用品
点く	つく	亮；点燃	N4	noun	生活用品
落す	おとす	弄掉；丢失；降低	N4	noun	生活用品
スタイル	スタイル	风格	N3	noun	生活用品
アルバム	アルバム	相册	N3	noun	生活用品
衣服	いふく	衣服	N3	noun	生活用品
家具	かぐ	家具	N3	noun	生活用品
飾り	かざり	装饰品	N3	noun	生活用品
髪の毛	かみのけ	头发	N3	noun	生活用品
グラス	グラス	玻璃	N3	noun	生活用品
毛布	もうふ	毛毯	N3	noun	生活用品
容器	ようき	容器	N3	noun	生活用品
衣料	いりょう	衣料；服装面料	N3	noun	生活用品
ソファー	ソファー	沙发	N3	noun	生活用品
足袋	たび	日式分趾袜	N3	noun	生活用品
手品	てじな	魔术；戏法	N3	noun	生活用品
テント	テント	帐篷	N3	noun	生活用品
ドレス	ドレス	连衣裙	N3	noun	生活用品
バイオリン	バイオリン	小提琴	N3	noun	生活用品
掃く	はく	扫；打扫	N3	noun	生活用品
羽根	はね	羽毛	N3	noun	生活用品
ビデオ	ビデオ	录像	N3	noun	生活用品
プラスチック	プラスチック	塑料	N3	noun	生活用品
ペンキ	ペンキ	油漆	N3	noun	生活用品
ボール	ボール	球；碗	N3	noun	生活用品
磁器	じき	瓷器	N3	noun	生活用品
チャイム	チャイム	门铃	N3	noun	生活用品
生やす	はやす	生长	N3	noun	生活用品
宛名	あてな	收件人地址	N2	noun	生活用品
編み物	あみもの	编织物	N2	noun	生活用品
編む	あむ	编织	N2	noun	生活用品
入れ物	いれもの	容器	N2	noun	生活用品
インキ	インキ	墨水	N2	noun	生活用品
ウール	ウール	羊毛	N2	noun	生活用品
エプロン	エプロン	围裙	N2	noun	生活用品
親指	おやゆび	亲指	N2	noun	生活用品
オルガン	オルガン	风琴	N2	noun	生活用品
カーブ	カーブ	弯道	N2	noun	生活用品
カセット	カセット	磁带	N2	noun	生活用品
括弧	かっこ	括号	N2	noun	生活用品
活字	かつじ	活字；铅字	N2	noun	生活用品
紙屑	かみくず	纸屑	N2	noun	生活用品
剃刀	かみそり	剃须刀	N2	noun	生活用品
カラー	カラー	领子；颜色	N2	noun	生活用品
缶詰	かんづめ	罐头	N2	noun	生活用品
乾電池	かんでんち	干电池	N2	noun	生活用品
器具	きぐ	器具	N2	noun	生活用品
記号	きごう	记号	N2	noun	生活用品
着せる	きせる	给…穿衣服	N2	noun	生活用品
クーラー	クーラー	空调	N2	noun	生活用品
薬指	くすりゆび	无名指	N2	noun	生活用品
口紅	くちべに	口红	N2	noun	生活用品
クリーニング	クリーニング	干洗	N2	noun	生活用品
蛍光灯	けいこうとう	萤光灯	N2	noun	生活用品
毛糸	けいと	毛丝	N2	noun	生活用品
毛皮	けがわ	毛皮；皮草	N2	noun	生活用品
下駄	げた	木屐	N2	noun	生活用品
香水	こうすい	香水	N2	noun	生活用品
腰掛け	こしかけ	座位	N2	noun	生活用品
腰掛	こしかけ	椅子；凳子	N2	noun	生活用品
小指	こゆび	小拇指	N2	noun	生活用品
裁縫	さいほう	缝纫	N2	noun	生活用品
座布団	ざぶとん	坐垫	N2	noun	生活用品
シーツ	シーツ	床单	N2	noun	生活用品
紙幣	しへい	纸幣	N2	noun	生活用品
障子	しょうじ	日式纸拉门	N2	noun	生活用品
白髪	しらが	白发	N2	noun	生活用品
スカーフ	スカーフ	围巾	N2	noun	生活用品
ストッキング	ストッキング	长筒袜	N2	noun	生活用品
スリッパ	スリッパ	拖鞋	N2	noun	生活用品
清掃	せいそう	清扫	N2	noun	生活用品
瀬戸物	せともの	陶瓷器	N2	noun	生活用品
扇子	せんす	折扇	N2	noun	生活用品
扇風機	せんぷうき	电风扇	N2	noun	生活用品
洗面	せんめん	洗脸	N2	noun	生活用品
雑巾	ぞうきん	抹布	N2	noun	生活用品
草履	ぞうり	草鞋；日式拖鞋	N2	noun	生活用品
剃る	そる	剃；刮	N2	noun	生活用品
縮れる	ちぢれる	卷曲；起皱	N2	noun	生活用品
茶色い	ちゃいろい	褐色的；棕色的	N2	noun	生活用品
貯蔵	ちょぞう	贮藏	N2	noun	生活用品
散らかす	ちらかす	弄乱	N2	noun	生活用品
散らかる	ちらかる	杂乱；乱七八糟	N2	noun	生活用品
塵紙	ちりがみ	卫生纸	N2	noun	生活用品
吊る	つる	挂	N2	noun	生活用品
吊す	つるす	挂	N2	noun	生活用品
手入れ	ていれ	保养	N2	noun	生活用品
テニスコート	テニスコート	网球场	N2	noun	生活用品
手拭い	てぬぐい	手巾	N2	noun	生活用品
電球	でんきゅう	灯泡	N2	noun	生活用品
灯油	とうゆ	煤油	N2	noun	生活用品
取り出す	とりだす	取出；拿出	N2	noun	生活用品
ナイロン	ナイロン	尼龙	N2	noun	生活用品
寝間着	ねまき	寝间着	N2	noun	生活用品
寝巻	ねまき	睡衣	N2	noun	生活用品
歯車	はぐるま	齿轮	N2	noun	生活用品
バケツ	バケツ	水桶	N2	noun	生活用品
梯子	はしご	梯子	N2	noun	生活用品
肌着	はだぎ	内衣	N2	noun	生活用品
針金	はりがね	铁丝	N2	noun	生活用品
判子	はんこ	印章	N2	noun	生活用品
パンツ	パンツ	内裤	N2	noun	生活用品
ビニール	ビニール	塑料	N2	noun	生活用品
ファスナー	ファスナー	拉链	N2	noun	生活用品
風船	ふうせん	风船	N2	noun	生活用品
ブラウス	ブラウス	女衬衫	N2	noun	生活用品
ブローチ	ブローチ	胸针	N2	noun	生活用品
風呂敷	ふろしき	包袱布	N2	noun	生活用品
ペンチ	ペンチ	钳子	N2	noun	生活用品
マフラー	マフラー	围巾	N2	noun	生活用品
ミシン	ミシン	缝纫机	N2	noun	生活用品
目覚し	めざまし	闹钟	N2	noun	生活用品
物差し	ものさし	尺子	N2	noun	生活用品
リボン	リボン	缎带	N2	noun	生活用品
運転手	うんてんしゅ	司机	N4	noun	交通出行
通行人	つうこうにん	路人	N3	noun	交通出行
駐車場	ちゅうしゃじょう	停车场	N4	noun	交通出行
港	みなと	港口	N4	noun	交通出行
入口	いりぐち	入口	N5	noun	交通出行
交差点	こうさてん	十字路口	N5	noun	交通出行
信号	しんごう	红绿灯	N3	noun	交通出行
横断歩道	おうだんほどう	人行横道	N3	noun	交通出行
歩道	ほどう	人行道	N3	noun	交通出行
橋	はし	桥	N5	noun	交通出行
坂	さか	坡；斜坡	N4	noun	交通出行
地下鉄	ちかてつ	地铁	N5	noun	交通出行
新幹線	しんかんせん	新干线	N2	noun	交通出行
バス	バス	公交	N5	noun	交通出行
タクシー	タクシー	出租车	N5	noun	交通出行
飛行機	ひこうき	飞机	N5	noun	交通出行
船	ふね	船	N4	noun	交通出行
自転車	じてんしゃ	自行车	N5	noun	交通出行
バイク	バイク	摩托车	N4	noun	交通出行
定期券	ていきけん	月票	N2	noun	交通出行
乗り換え	のりかえ	换乘	N2	noun	交通出行
運賃	うんちん	车费	N1	noun	交通出行
終電	しゅうでん	末班车	N3	noun	交通出行
始発	しはつ	始发车	N1	noun	交通出行
各駅停車	かくえきていしゃ	各站停车	N3	noun	交通出行
特急	とっきゅう	特快	N4	noun	交通出行
指定席	していせき	对号入座	N3	noun	交通出行
自由席	じゆうせき	自由席位	N3	noun	交通出行
渋滞	じゅうたい	堵车	N3	noun	交通出行
信号無視	しんごうむし	闯红灯	N3	noun	交通出行
スピード	スピード	速度	N4	noun	交通出行
距離	きょり	距离	N3	noun	交通出行
道路	どうろ	道路	N3	noun	交通出行
高速道路	こうそくどうろ	高速公路	N3	noun	交通出行
スーツケース	スーツケース	行李箱	N4	noun	交通出行
交通費	こうつうひ	交通费	N3	noun	交通出行
時刻表	じこくひょう	时刻表	N1	noun	交通出行
乗り遅れ	のりおくれ	没赶上车	N3	noun	交通出行
遅い	おそい	晚的/慢的	N5	noun	交通出行
速い	はやい	快的（速度）	N5	noun	交通出行
東	ひがし	东	N5	noun	交通出行
西	にし	西	N5	noun	交通出行
南	みなみ	南	N5	noun	交通出行
北	きた	北	N5	noun	交通出行
右	みぎ	右	N5	noun	交通出行
後ろ	うしろ	后面	N5	noun	交通出行
飛ぶ	とぶ	飞	N5	noun	交通出行
走る	はしる	跑	N5	noun	交通出行
曲がる	まがる	转弯	N5	noun	交通出行
持って行く	もっていく	带去	N5	noun	交通出行
移る	うつる	移动	N4	noun	交通出行
降りる	おりる	下车	N4	noun	交通出行
誘う	さそう	邀请	N4	noun	交通出行
滑る	すべる	滑	N4	noun	交通出行
運ぶ	はこぶ	搬运	N4	noun	交通出行
無事	ぶじ	平安	N4	noun	交通出行
通う	かよう	往返	N3	noun	交通出行
一応	いちおう	姑且	N3	noun	交通出行
ぴったり	ぴったり	正好	N3	noun	交通出行
駆ける	かける	奔跑	N2	noun	交通出行
帰国	きこく	回国	N2	noun	交通出行
すれ違う	すれちがう	擦肩而过	N2	noun	交通出行
沿う	そう	沿着	N2	noun	交通出行
キロ; キロメートル	キロ; キロメートル	千米	N5	noun	交通出行
自動車	じどうしゃ	汽车	N5	noun	交通出行
曲る	まがる	拐弯；弯曲	N5	noun	交通出行
まっすぐ	まっすぐ	笔直地	N5	noun	交通出行
踏む	ふむ	踩；踏	N4	noun	交通出行
すっと	すっと	直地；迅速地	N4	noun	交通出行
オートバイ	オートバイ	摩托车	N4	noun	交通出行
飛行場	ひこうじょう	机场	N4	noun	交通出行
乗り物	のりもの	交通工具	N4	noun	交通出行
下りる	おりる	去；come down	N4	noun	交通出行
下る	さがる	下降	N4	noun	交通出行
汽車	きしゃ	火车	N4	noun	交通出行
ガソリンスタンド	ガソリンスタンド	加油站	N4	noun	交通出行
ジェット機	ジェットき	喷气式飞机	N3	noun	交通出行
時刻	じこく	时刻	N3	noun	交通出行
乗客	じょうきゃく	乘客	N3	noun	交通出行
上京	じょうきょう	进京；去东京	N3	noun	交通出行
衝突	しょうとつ	冲突	N3	noun	交通出行
スケート	スケート	滑冰	N3	noun	交通出行
移動	いどう	移动	N3	noun	交通出行
横断	おうだん	横穿	N3	noun	交通出行
外出	がいしゅつ	外出	N3	noun	交通出行
下り	くだり	下行	N3	noun	交通出行
ヨット	ヨット	帆船	N3	noun	交通出行
航海	こうかい	航海	N3	noun	交通出行
前進	ぜんしん	前进	N3	noun	交通出行
ダイヤ	ダイヤ	时刻表；钻石	N3	noun	交通出行
通過	つうか	通过	N3	noun	交通出行
通行	つうこう	通行	N3	noun	交通出行
停留所	ていりゅうじょ	公交站	N3	noun	交通出行
鉄道	てつどう	铁道	N3	noun	交通出行
飛ばす	とばす	使飞	N3	noun	交通出行
飛び出す	とびだす	飞出	N3	noun	交通出行
トラック	トラック	卡车	N3	noun	交通出行
トンネル	トンネル	隧道	N3	noun	交通出行
パイロット	パイロット	飞行员	N3	noun	交通出行
発車	はっしゃ	发车	N3	noun	交通出行
飛行	ひこう	飞行	N3	noun	交通出行
ブレーキ	ブレーキ	刹车	N3	noun	交通出行
ボート	ボート	小船	N3	noun	交通出行
操縦	そうじゅう	操纵	N3	noun	交通出行
運河	うんが	运河	N2	noun	交通出行
追いかける	おいかける	追赶	N2	noun	交通出行
追い越す	おいこす	超越；赶上	N2	noun	交通出行
貨物	かもつ	货物	N2	noun	交通出行
機関車	きかんしゃ	火车头	N2	noun	交通出行
下車	げしゃ	下车	N2	noun	交通出行
交通機関	こうつうきかん	交通工具	N2	noun	交通出行
私鉄	してつ	私铁	N2	noun	交通出行
車庫	しゃこ	车库	N2	noun	交通出行
車掌	しゃしょう	车掌	N2	noun	交通出行
車輪	しゃりん	车轮	N2	noun	交通出行
終点	しゅうてん	终点	N2	noun	交通出行
乗車	じょうしゃ	乘车	N2	noun	交通出行
針路	しんろ	航向	N2	noun	交通出行
スチュワーデス	スチュワーデス	空姐	N2	noun	交通出行
ストップ	ストップ	停止	N2	noun	交通出行
線路	せんろ	线路	N2	noun	交通出行
速力	そくりょく	速度	N2	noun	交通出行
タイア	タイア	轮胎	N2	noun	交通出行
立ち止まる	たちどまる	停下脚步	N2	noun	交通出行
脱線	だっせん	脱线	N2	noun	交通出行
直通	ちょくつう	直通	N2	noun	交通出行
突き当たる	つきあたる	走到尽头；碰上	N2	noun	交通出行
停止	ていし	停止	N2	noun	交通出行
停車	ていしゃ	停车	N2	noun	交通出行
鉄橋	てっきょう	铁桥	N2	noun	交通出行
上り	のぼり	上行（列车）；上坡	N2	noun	交通出行
乗換	のりかえ	换乘	N2	noun	交通出行
乗り越し	のりこし	坐过站	N2	noun	交通出行
話中	はなしちゅう	通话中	N2	noun	交通出行
ハンドル	ハンドル	方向盘	N2	noun	交通出行
人通り	ひとどおり	行人来往	N2	noun	交通出行
便箋	びんせん	信纸	N2	noun	交通出行
踏切	ふみきり	铁路道口	N2	noun	交通出行
プラットホーム	プラットホーム	站台	N2	noun	交通出行
文房具	ぶんぼうぐ	文具	N2	noun	交通出行
ヘリコプター	ヘリコプター	直升机	N2	noun	交通出行
待合室	まちあいしつ	候车室；等候室	N2	noun	交通出行
街角	まちかど	街角	N2	noun	交通出行
回り道	まわりみち	绕道；弯路	N2	noun	交通出行
道順	みちじゅん	路线	N2	noun	交通出行
面倒臭い	めんどうくさい	麻烦的；嫌麻烦	N2	noun	交通出行
モノレール	モノレール	单轨电车	N2	noun	交通出行
役目	やくめ	职责；任务	N2	noun	交通出行
夜行	やこう	夜间行车；夜行	N2	noun	交通出行
郵送	ゆうそう	邮寄	N2	noun	交通出行
行方	ゆくえ	去向；下落	N2	noun	交通出行
輸送	ゆそう	输送	N2	noun	交通出行
ラッシュアワー	ラッシュアワー	高峰期	N2	noun	交通出行
天候	てんこう	天候	N3	noun	天气自然
湿度	しつど	湿度	N3	noun	天气自然
太陽	たいよう	太阳	N3	noun	天气自然
星	ほし	星星	N4	noun	天气自然
雷	かみなり	雷	N3	noun	天气自然
台風	たいふう	台风	N4	noun	天气自然
地震	じしん	地震	N4	noun	天气自然
津波	つなみ	海啸	N1	noun	天气自然
洪水	こうずい	洪水	N1	noun	天气自然
虹	にじ	彩虹	N2	noun	天气自然
霧	きり	雾	N3	noun	天气自然
川	かわ	河	N5	noun	天气自然
湖	みずうみ	湖	N4	noun	天气自然
池	いけ	池塘	N5	noun	天气自然
島	しま	岛	N4	noun	天气自然
森	もり	森林	N4	noun	天气自然
林	はやし	树林	N4	noun	天气自然
花	はな	花	N5	noun	天气自然
葉	は	叶子	N4	noun	天气自然
草	くさ	草	N4	noun	天气自然
石	いし	石头	N4	noun	天气自然
砂	すな	沙	N4	noun	天气自然
火	ひ	火	N4	noun	天气自然
光	ひかり	光	N4	noun	天气自然
影	かげ	影子	N3	noun	天气自然
色	いろ	颜色	N5	noun	天气自然
景色	けしき	风景	N4	noun	天气自然
風景	ふうけい	风景	N3	noun	天气自然
動物	どうぶつ	动物	N5	noun	天气自然
猫	ねこ	猫	N5	noun	天气自然
鳥	とり	鸟	N5	noun	天气自然
魚	さかな	鱼	N5	noun	天气自然
虫	むし	虫	N4	noun	天气自然
植物	しょくぶつ	植物	N3	noun	天气自然
梅雨	つゆ	梅雨季	N3	noun	天气自然
紫外線	しがいせん	紫外线	N2	noun	天气自然
日焼け	ひやけ	晒伤/晒黑	N1	noun	天气自然
猛暑	もうしょ	酷暑	N3	noun	天气自然
真冬	まふゆ	隆冬	N3	noun	天气自然
寒い	さむい	冷的（天气）	N5	noun	天气自然
暖かい	あたたかい	暖和的	N5	noun	天气自然
涼しい	すずしい	凉爽的	N5	noun	天气自然
爽やか	さわやか	清爽的	N2	noun	天气自然
差す	さす	撑（伞）；照射	N5	noun	天气自然
鳴く	なく	（动物）叫	N5	noun	天气自然
昼間	ひるま	白天	N4	noun	天气自然
波	なみ	波浪	N3	noun	天气自然
森林	しんりん	森林	N3	noun	天气自然
眺める	ながめる	眺望	N3	noun	天气自然
エネルギー	えねるぎー	能源	N2	noun	天气自然
汚染	おせん	污染	N2	noun	天气自然
温暖化	おんだんか	变暖	N2	noun	天气自然
排出	はいしゅつ	排放	N2	noun	天气自然
潤う	うるおう	润泽	N2	noun	天气自然
覆う	おおう	覆盖	N2	noun	天气自然
川; 河	かわ	河	N5	noun	天气自然
曇り	くもり	阴天；多云	N5	noun	天气自然
曇る	くもる	变阴；变暗	N5	noun	天气自然
晴れ	はれ	晴天	N5	noun	天气自然
晴れる	はれる	放晴	N5	noun	天气自然
吹く	ふく	吹（风等）	N5	noun	天气自然
海岸	かいがん	海岸	N4	noun	天气自然
小鳥	ことり	小鸟	N4	noun	天气自然
暮れる	くれる	天黑；年末	N4	noun	天气自然
天気予報	てんきよほう	天气预报	N4	noun	天气自然
酸性	さんせい	酸性	N3	noun	天气自然
酸素	さんそ	氧气	N3	noun	天气自然
芝生	しばふ	草坪	N3	noun	天气自然
湿る	しめる	潮湿	N3	noun	天气自然
澄む	すむ	变清澈	N3	noun	天气自然
清む	すむ	变清澈	N3	noun	天气自然
性質	せいしつ	性质	N3	noun	天气自然
石炭	せきたん	煤炭	N3	noun	天气自然
石油	せきゆ	石油	N3	noun	天气自然
明ける	あける	天亮；（年）过去	N3	noun	天气自然
宇宙	うちゅう	宇宙	N3	noun	天气自然
温暖	おんだん	温暖	N3	noun	天气自然
温度	おんど	温度	N3	noun	天气自然
凍る	こおる	冻结	N3	noun	天气自然
砂漠	さばく	沙漠	N3	noun	天气自然
夜明け	よあけ	黎明	N3	noun	天气自然
丘陵	きゅうりょう	丘陵	N3	noun	天气自然
大気	たいき	大气	N3	noun	天气自然
地平線	ちへいせん	地平线	N3	noun	天气自然
散る	ちる	散落	N3	noun	天气自然
天然	てんねん	天然	N3	noun	天气自然
日光	にっこう	日光	N3	noun	天气自然
熱帯	ねったい	热带	N3	noun	天气自然
物質	ぶっしつ	物质	N3	noun	天气自然
物理	ぶつり	物理	N3	noun	天气自然
酸化	さんか	酸化	N3	noun	天气自然
磁気	じき	磁气	N3	noun	天气自然
有機	ゆうき	有机	N3	noun	天气自然
明け方	あけがた	黎明；拂晓	N2	noun	天气自然
荒れる	あれる	变得荒芜；变得粗糙；（天气）变恶劣	N2	noun	天气自然
引力	いんりょく	引力	N2	noun	天气自然
液体	えきたい	液体	N2	noun	天气自然
温帯	おんたい	温带	N2	noun	天气自然
快晴	かいせい	大晴天	N2	noun	天气自然
枯れる	かれる	枯萎	N2	noun	天气自然
寒帯	かんたい	寒带	N2	noun	天气自然
気圧	きあつ	气压	N2	noun	天气自然
空中	くうちゅう	空中	N2	noun	天气自然
煙い	けむい	烟	N2	noun	天气自然
鉱物	こうぶつ	矿物	N2	noun	天气自然
凍える	こごえる	冻结	N2	noun	天气自然
シーズン	シーズン	季节	N2	noun	天气自然
自然科学	しぜんかがく	自然科学	N2	noun	天气自然
萎む	しぼむ	枯萎；凋谢	N2	noun	天气自然
重力	じゅうりょく	重力	N2	noun	天气自然
循環	じゅんかん	循环	N2	noun	天气自然
蒸気	じょうき	蒸气	N2	noun	天气自然
蒸発	じょうはつ	蒸发	N2	noun	天气自然
真空	しんくう	真空	N2	noun	天气自然
水蒸気	すいじょうき	水蒸气	N2	noun	天气自然
水素	すいそ	氢	N2	noun	天气自然
垂直	すいちょく	垂直	N2	noun	天气自然
水滴	すいてき	水滴	N2	noun	天气自然
水平	すいへい	水平	N2	noun	天气自然
水平線	すいへいせん	水平线	N2	noun	天气自然
水面	すいめん	水面	N2	noun	天气自然
涼む	すずむ	乘凉	N2	noun	天气自然
大木	たいぼく	大树	N2	noun	天气自然
淡水	たんすい	淡水	N2	noun	天气自然
地下水	ちかすい	地下水	N2	noun	天气自然
照らす	てらす	照射；照亮	N2	noun	天气自然
照る	てる	照耀	N2	noun	天气自然
濁る	にごる	变浊；含糊	N2	noun	天气自然
農産物	のうさんぶつ	农产品	N2	noun	天气自然
農村	のうそん	农村	N2	noun	天气自然
農薬	のうやく	农药	N2	noun	天气自然
陽射	ひざし	阳射	N2	noun	天气自然
日差し	ひざし	阳光	N2	noun	天气自然
日の入り	ひのいり	日落	N2	noun	天气自然
日の出	ひので	日出	N2	noun	天气自然
吹雪	ふぶき	暴风雪	N2	noun	天气自然
平野	へいや	平原	N2	noun	天气自然
便所	べんじょ	厕所	N2	noun	天气自然
牧場	ぼくじょう	牧场	N2	noun	天气自然
牧畜	ぼくちく	畜牧	N2	noun	天气自然
三日月	みかづき	新月；月牙	N2	noun	天气自然
夕立	ゆうだち	傍晚阵雨	N2	noun	天气自然
夕日	ゆうひ	夕阳	N2	noun	天气自然
溶岩	ようがん	熔岩	N2	noun	天气自然
レインコート	レインコート	雨衣	N2	noun	天气自然
医者	いしゃ	医生	N5	noun	健康医疗
看護師	かんごし	护士	N3	noun	健康医疗
鼻	はな	鼻子	N5	noun	健康医疗
指	ゆび	手指	N4	noun	健康医疗
爪	つめ	指甲	N2	noun	健康医疗
腹	はら	肚子	N3	noun	健康医疗
お腹	おなか	肚子（口语）	N5	noun	健康医疗
背中	せなか	后背	N4	noun	健康医疗
足	あし	脚/腿	N5	noun	健康医疗
膝	ひざ	膝盖	N3	noun	健康医疗
骨	ほね	骨头	N3	noun	健康医疗
肌	はだ	皮肤	N3	noun	健康医疗
涙	なみだ	眼泪	N3	noun	健康医疗
汗	あせ	汗	N3	noun	健康医疗
命	いのち	生命	N3	noun	健康医疗
病気	びょうき	生病	N5	noun	健康医疗
咳	せき	咳嗽	N3	noun	健康医疗
治療	ちりょう	治疗	N3	noun	健康医疗
手術	しゅじゅつ	手术	N3	noun	健康医疗
注射	ちゅうしゃ	打针	N4	noun	健康医疗
入院	にゅういん	住院	N4	noun	健康医疗
退院	たいいん	出院	N4	noun	健康医疗
体力	たいりょく	体力	N1	noun	健康医疗
体重	たいじゅう	体重	N3	noun	健康医疗
身長	しんちょう	身高	N3	noun	健康医疗
アレルギー	アレルギー	过敏	N3	noun	健康医疗
睡眠	すいみん	睡眠	N3	noun	健康医疗
栄養	えいよう	营养	N3	noun	健康医疗
運動	うんどう	运动	N4	noun	健康医疗
筋肉	きんにく	肌肉	N3	noun	健康医疗
ダイエット	ダイエット	减肥	N4	noun	健康医疗
病院	びょういん	医院	N5	noun	健康医疗
ジム	ジム	健身房	N3	noun	健康医疗
マスク	マスク	口罩	N2	noun	健康医疗
サッカー	サッカー	足球	N3	noun	健康医疗
野球	やきゅう	棒球	N3	noun	健康医疗
テニス	テニス	网球	N4	noun	健康医疗
バスケ	バスケ	篮球	N3	noun	健康医疗
水泳	すいえい	游泳	N4	noun	健康医疗
スキー	スキー	滑雪	N3	noun	健康医疗
マラソン	マラソン	马拉松	N2	noun	健康医疗
試合	しあい	比赛	N4	noun	健康医疗
頭痛	ずつう	头痛	N3	noun	健康医疗
腹痛	ふくつう	肚子痛	N3	noun	健康医疗
処方箋	しょほうせん	处方	N2	noun	健康医疗
保険証	ほけんしょう	保险证	N3	noun	健康医疗
歯医者	はいしゃ	牙医	N4	noun	健康医疗
皮膚科	ひふか	皮肤科	N3	noun	健康医疗
花粉症	かふんしょう	花粉症	N2	noun	健康医疗
体温計	たいおんけい	体温计	N3	noun	健康医疗
絆創膏	ばんそうこう	创可贴	N3	noun	健康医疗
消毒	しょうどく	消毒	N2	noun	健康医疗
痒い	かゆい	痒的	N3	noun	健康医疗
危ない	あぶない	危险的	N5	noun	健康医疗
気持ち悪い	きもちわるい	恶心的	N3	noun	健康医疗
気持ちいい	きもちいい	舒服的	N3	noun	健康医疗
危険	きけん	危险的	N4	noun	健康医疗
緊急	きんきゅう	紧急的	N1	noun	健康医疗
憂鬱	ゆううつ	忧郁的	N1	noun	健康医疗
敏感	びんかん	敏感的	N1	noun	健康医疗
鈍感	どんかん	迟钝的	N1	noun	健康医疗
泳ぐ	およぐ	游泳	N5	noun	健康医疗
死ぬ	しぬ	死	N5	noun	健康医疗
吸う	すう	吸；抽（烟）	N5	noun	健康医疗
悲しむ	かなしむ	悲伤	N4	noun	健康医疗
倒れる	たおれる	倒下	N4	noun	健康医疗
太る	ふとる	变胖	N4	noun	健康医疗
痩せる	やせる	变瘦	N4	noun	健康医疗
起こす	おこす	弄醒；引起	N3	noun	健康医疗
防ぐ	ふせぐ	防止	N3	noun	健康医疗
回復	かいふく	恢复	N3	noun	健康医疗
備える	そなえる	准备；配备	N3	noun	健康医疗
沈む	しずむ	沉没	N3	noun	健康医疗
まさか	まさか	难道	N3	noun	健康医疗
免疫	めんえき	免疫	N2	noun	健康医疗
細胞	さいぼう	细胞	N2	noun	健康医疗
遺伝	いでん	遗传	N2	noun	健康医疗
救う	すくう	拯救	N2	noun	健康医疗
損なう	そこなう	损害	N2	noun	健康医疗
介護	かいご	护理	N2	noun	健康医疗
劣等感	れっとうかん	自卑感	N2	noun	健康医疗
障害	しょうがい	障碍	N2	noun	健康医疗
克服	こくふく	克服	N2	noun	健康医疗
医学	いがく	医学	N4	noun	健康医疗
赤ん坊	あかんぼう	婴儿	N4	noun	健康医疗
けがする	けがする	受伤	N4	noun	健康医疗
亡くなる	なくなる	去世	N4	noun	健康医疗
具合	ぐあい	状态；身体情况	N4	noun	健康医疗
お見舞い	おみまい	探望（病人）	N4	noun	健康医疗
看護婦	かんごふ	护士	N4	noun	健康医疗
覚ます	さます	弄醒；使清醒	N3	noun	健康医疗
覚める	さめる	醒来	N3	noun	健康医疗
自殺	じさつ	自杀	N3	noun	健康医疗
湿気	しっけ	湿气	N3	noun	健康医疗
死亡	しぼう	死亡	N3	noun	健康医疗
重体	じゅうたい	病危	N3	noun	健康医疗
神経	しんけい	神经	N3	noun	健康医疗
心臓	しんぞう	心脏	N3	noun	健康医疗
身体	しんたい	身体	N3	noun	健康医疗
生物	せいぶつ	生物	N3	noun	健康医疗
生命	せいめい	生命	N3	noun	健康医疗
生き物	いきもの	生物；活物	N3	noun	健康医疗
医師	いし	医生	N3	noun	健康医疗
罹る	かかる	患（病）	N3	noun	健康医疗
患者	かんじゃ	患者	N3	noun	健康医疗
苦痛	くつう	痛苦	N3	noun	健康医疗
血液	けつえき	血液	N3	noun	健康医疗
骨折	こっせつ	骨折	N3	noun	健康医疗
診る	みる	检查	N3	noun	健康医疗
虫歯	むしば	蛀牙	N3	noun	健康医疗
命じる	めいじる	命令	N3	noun	健康医疗
命令	めいれい	命令	N3	noun	健康医疗
器官	きかん	器官	N3	noun	健康医疗
近視	きんし	近视	N3	noun	健康医疗
血管	けっかん	血管	N3	noun	健康医疗
全身	ぜんしん	全身	N3	noun	健康医疗
不自由	ふじゆう	不便；不自由	N3	noun	健康医疗
生理	せいり	生理	N3	noun	健康医疗
マッサージ	マッサージ	按摩	N3	noun	健康医疗
お大事に	おだいじに	请多保重	N2	noun	健康医疗
看病	かんびょう	护理；照看病人	N2	noun	健康医疗
血圧	けつあつ	血压	N2	noun	健康医疗
死体	したい	尸体	N2	noun	健康医疗
小便	しょうべん	小便	N2	noun	健康医疗
心身	しんしん	身心	N2	noun	健康医疗
診断	しんだん	诊断	N2	noun	健康医疗
体操	たいそう	体操	N2	noun	健康医疗
調節	ちょうせつ	调节	N2	noun	健康医疗
伝染	でんせん	传染	N2	noun	健康医疗
内科	ないか	内科	N2	noun	健康医疗
中指	なかゆび	中指	N2	noun	健康医疗
剥がす	はがす	剥掉；撕掉	N2	noun	健康医疗
吐き気	はきけ	恶心；想吐	N2	noun	健康医疗
歯磨き	はみがき	齿磨	N2	noun	健康医疗
ビタミン	ビタミン	维生素	N2	noun	健康医疗
皮膚	ひふ	皮肤	N2	noun	健康医疗
美容	びよう	美容	N2	noun	健康医疗
包帯	ほうたい	绷带	N2	noun	健康医疗
保健	ほけん	保健	N2	noun	健康医疗
見舞う	みまう	探望	N2	noun	健康医疗
薬品	やくひん	药品	N2	noun	健康医疗
火傷	やけど	烫伤；烧伤	N2	noun	健康医疗
輸血	ゆけつ	输血	N2	noun	健康医疗
映画館	えいがかん	电影院	N5	noun	地名观光
美術館	びじゅつかん	美术馆	N4	noun	地名观光
博物館	はくぶつかん	博物馆	N3	noun	地名观光
動物園	どうぶつえん	动物园	N4	noun	地名观光
水族館	すいぞくかん	水族馆	N3	noun	地名观光
遊園地	ゆうえんち	游乐园	N2	noun	地名观光
寺	てら	寺庙	N4	noun	地名观光
教会	きょうかい	教会	N4	noun	地名观光
スタジアム	スタジアム	体育场	N3	noun	地名观光
田舎	いなか	乡下	N4	noun	地名观光
海外	かいがい	海外	N3	noun	地名观光
国内	こくない	国内	N4	noun	地名观光
お祭り	おまつり	节日/庙会	N4	noun	地名观光
札幌市	さっぽろし	北海道首府	N5	noun	地名观光
仙台市	せんだいし	宫城县县厅所在地	N5	noun	地名观光
東京都	とうきょうと	东京都	N5	noun	地名观光
横浜市	よこはまし	神奈川县厅所在地	N5	noun	地名观光
名古屋市	なごやし	爱知县县厅所在地	N5	noun	地名观光
京都市	きょうとし	京都府首府	N5	noun	地名观光
大阪市	おおさかし	大阪府首府	N5	noun	地名观光
神戸市	こうべし	兵库县重镇	N5	noun	地名观光
広島市	ひろしまし	广岛县厅所在地	N5	noun	地名观光
福岡市	ふくおかし	福冈县厅所在地	N5	noun	地名观光
那覇市	なはし	冲绳县厅所在地	N5	noun	地名观光
川崎市	かわさきし	神奈川县	N5	noun	地名观光
埼玉市	さいたまし	埼玉县厅所在地	N5	noun	地名观光
千葉市	ちばし	千叶县厅所在地	N5	noun	地名观光
堺市	さかいし	大阪府	N5	noun	地名观光
新潟市	にいがたし	新潟县厅所在地	N5	noun	地名观光
浜松市	はままつし	静冈县	N5	noun	地名观光
静岡市	しずおかし	静冈县厅所在地	N5	noun	地名观光
岡山市	おかやまし	冈山县厅所在地	N5	noun	地名观光
熊本市	くまもとし	熊本县厅所在地	N5	noun	地名观光
銀座	ぎんざ	东京繁华街	N5	noun	地名观光
表参道	おもてさんどう	青山表参道	N5	noun	地名观光
竹下通り	たけしたどおり	原宿竹下通	N5	noun	地名观光
歌舞伎町	かぶきちょう	新宿歌舞伎町	N5	noun	地名观光
六本木ヒルズ周辺	ろっぽんぎひるずしゅうへん	六本木之丘一带	N5	noun	地名观光
お台場海浜公園通り	おだいばかいひんこうえんどおり	台场海滨公园一带道路	N5	noun	地名观光
丸の内仲通り	まるのうちなかどおり	东京丸之内仲通	N5	noun	地名观光
秋葉原電気街	あきはばらでんきがい	秋叶原电器街	N5	noun	地名观光
道頓堀	どうとんぼり	大阪道顿堀	N5	noun	地名观光
心斎橋筋	しんさいばしすじ	大阪心斋桥筋商店街	N5	noun	地名观光
御堂筋	みどうすじ	大阪御堂筋	N5	noun	地名观光
祇園	ぎおん	京都祇园	N5	noun	地名观光
花見小路	はなみこうじ	京都花见小路	N5	noun	地名观光
先斗町	ぽんとちょう	京都先斗町	N5	noun	地名观光
哲学の道	てつがくのみち	京都哲学之道	N5	noun	地名观光
倉敷美観地区	くらしきびかんちく	冈山仓敷美观地区	N5	noun	地名观光
元町通り（神戸）	もとまちどおり（こうべ）	神户元町通	N5	noun	地名观光
東京スカイツリー	とうきょうすかいつりー	晴空塔	N5	noun	地名观光
東京タワー	とうきょうたわー	东京塔	N5	noun	地名观光
浅草寺	せんそうじ	东京浅草寺	N5	noun	地名观光
明治神宮	めいじじんぐう	东京明治神宫	N5	noun	地名观光
皇居外苑	こうきょがいえん	皇居外苑（东京）	N5	noun	地名观光
上野公園	うえのこうえん	东京上野公园	N5	noun	地名观光
富士山	ふじさん	富士山	N5	noun	地名观光
日光東照宮	にっこうとうしょうぐう	栃木日光东照宫	N5	noun	地名观光
兼六園	けんろくえん	金泽兼六园	N5	noun	地名观光
白川郷	しらかわごう	岐阜白川乡	N5	noun	地名观光
金閣寺	きんかくじ	京都金阁寺	N5	noun	地名观光
銀閣寺	ぎんかくじ	京都银阁寺	N5	noun	地名观光
清水寺	きよみずでら	京都清水寺	N5	noun	地名观光
伏見稲荷大社	ふしみいなりたいしゃ	京都伏见稻荷大社	N5	noun	地名观光
嵐山	あらしやま	京都岚山	N5	noun	地名观光
東大寺	とうだいじ	奈良东大寺	N5	noun	地名观光
奈良公園	ならこうえん	奈良公园	N5	noun	地名观光
大阪城	おおさかじょう	大阪城	N5	noun	地名观光
姫路城	ひめじじょう	姬路城	N5	noun	地名观光
厳島神社	いつくしまじんじゃ	广岛宫岛严岛神社	N5	noun	地名观光
原爆ドーム	げんばくドーム	广岛原爆圆顶馆	N5	noun	地名观光
太宰府天満宮	だざいふてんまんぐう	福冈太宰府天满宫	N5	noun	地名观光
首里城跡	しゅりじょうあと	冲绳首里城遗址	N5	noun	地名观光
賑やか	にぎやか	热闹的	N5	noun	地名观光
登る	のぼる	爬；登	N5	noun	地名观光
見物	けんぶつ	参观；观光	N4	noun	地名观光
地理	ちり	地理	N4	noun	地名观光
訪ねる	たずねる	拜访	N4	noun	地名观光
墓	はか	坟墓	N3	noun	地名观光
展覧会	てんらんかい	展览会	N2	noun	地名观光
壮大	そうだい	壮大的	N2	noun	地名观光
にぎやか	にぎやか	热闹	N5	noun	地名观光
アフリカ	アフリカ	非洲	N4	noun	地名观光
西洋	せいよう	西方；西洋	N4	noun	地名观光
踊る	おどる	跳舞	N4	noun	地名观光
楽む	たのしむ	享受	N4	noun	地名观光
踊り	おどり	舞蹈	N4	noun	地名观光
アジア	アジア	亚洲	N4	noun	地名观光
芝居	しばい	戏剧；演戏	N3	noun	地名观光
周囲	しゅうい	周围	N3	noun	地名观光
宿泊	しゅくはく	住宿	N3	noun	地名观光
首都	しゅと	首都	N3	noun	地名观光
国家	こっか	国家	N3	noun	地名观光
国境	こっきょう	国境	N3	noun	地名观光
ヨーロッパ	ヨーロッパ	欧洲	N3	noun	地名观光
大使	たいし	大使	N3	noun	地名观光
大統領	だいとうりょう	总统	N3	noun	地名观光
大陸	たいりく	大陆	N3	noun	地名观光
地球	ちきゅう	地球	N3	noun	地名观光
地区	ちく	地区	N3	noun	地名观光
調子	ちょうし	调子	N3	noun	地名观光
東洋	とうよう	东方；东洋	N3	noun	地名观光
ハイキング	ハイキング	远足	N3	noun	地名观光
ピクニック	ピクニック	野餐	N3	noun	地名观光
年鑑	ねんかん	年鉴	N3	noun	地名观光
緯度	いど	纬度	N2	noun	地名观光
遠足	えんそく	远足	N2	noun	地名观光
欧米	おうべい	欧美	N2	noun	地名观光
大通り	おおどおり	大街	N2	noun	地名观光
屋外	おくがい	屋外	N2	noun	地名观光
温室	おんしつ	温室	N2	noun	地名观光
海水浴	かいすいよく	海水浴	N2	noun	地名观光
海洋	かいよう	海洋	N2	noun	地名观光
火口	かこう	火山口	N2	noun	地名观光
火山	かざん	火山	N2	noun	地名观光
関西	かんさい	关西	N2	noun	地名观光
関東	かんとう	关东（日本东部地区）	N2	noun	地名观光
経度	けいど	经度	N2	noun	地名观光
寺院	じいん	寺院	N2	noun	地名观光
図鑑	ずかん	图鉴	N2	noun	地名观光
赤道	せきどう	赤道	N2	noun	地名观光
地質	ちしつ	地质	N2	noun	地名观光
地帯	ちたい	地带	N2	noun	地名观光
地点	ちてん	地点	N2	noun	地名观光
地名	ちめい	地名	N2	noun	地名观光
頂点	ちょうてん	顶点	N2	noun	地名观光
突き当たり	つきあたり	尽头；死胡同	N2	noun	地名观光
東西	とうざい	东西	N2	noun	地名观光
灯台	とうだい	灯塔	N2	noun	地名观光
都心	としん	市中心	N2	noun	地名观光
並木	なみき	行道树	N2	noun	地名观光
南極	なんきょく	南极	N2	noun	地名观光
南米	なんべい	南美	N2	noun	地名观光
南北	なんぼく	南北	N2	noun	地名观光
半島	はんとう	半岛	N2	noun	地名观光
ビルディング	ビルディング	大楼	N2	noun	地名观光
広場	ひろば	广场	N2	noun	地名观光
方面	ほうめん	方面；方向	N2	noun	地名观光
北極	ほっきょく	北极	N2	noun	地名观光
盆地	ぼんち	盆地	N2	noun	地名观光
名所	めいしょ	名胜；景点	N2	noun	地名观光
来日	らいにち	来日本	N2	noun	地名观光
列島	れっとう	列岛	N2	noun	地名观光
お客様	おきゃくさま	顾客（敬语）	N4	noun	购物消费
消費者	しょうひしゃ	消费者	N3	noun	购物消费
デパート	デパート	百货商店	N5	noun	购物消费
花屋	はなや	花店	N4	noun	购物消费
パン屋	パンや	面包店	N4	noun	购物消费
美容院	びよういん	美发店	N3	noun	购物消费
市場	いちば/しじょう	市场	N3	noun	购物消费
お金	おかね	钱	N5	noun	购物消费
お釣り	おつり	找零	N4	noun	购物消费
手数料	てすうりょう	手续费	N3	noun	购物消费
生活費	せいかつひ	生活费	N3	noun	购物消费
支出	ししゅつ	支出	N3	noun	购物消费
貯金	ちょきん	存款	N3	noun	购物消费
借金	しゃっきん	债务	N3	noun	购物消费
ローン	ローン	贷款	N3	noun	购物消费
引き落とし	ひきおとし	自动扣款	N3	noun	购物消费
領収書	りょうしゅうしょ	收据	N3	noun	购物消费
セール	セール	打折	N1	noun	购物消费
有料	ゆうりょう	收费	N2	noun	购物消费
コスパ	コスパ	性价比	N3	noun	购物消费
タイパ	タイパ	时间性价比	N3	noun	购物消费
サブスク	サブスク	订阅制	N3	noun	购物消费
QRコード	キューアールコード	二维码	N3	noun	购物消费
タイムセール	タイムセール	限时特卖	N3	noun	购物消费
まとめ買い	まとめがい	批量购买	N3	noun	购物消费
日用品	にちようひん	日用品	N2	noun	购物消费
もったいない	もったいない	可惜/浪费的	N3	noun	购物消费
経済的	けいざいてき	经济的	N3	noun	购物消费
贅沢	ぜいたく	奢侈的	N3	noun	购物消费
地味	じみ	朴素的/低调的	N3	noun	购物消费
派手	はで	花哨的/高调的	N3	noun	购物消费
華やか	はなやか	华丽的	N1	noun	购物消费
貸す	かす	借出	N5	noun	购物消费
お土産	おみやげ	礼物；特产	N4	noun	购物消费
売れる	うれる	畅销	N4	noun	购物消费
贈る	おくる	赠送	N4	noun	购物消费
比べる	くらべる	比较	N4	noun	购物消费
不満	ふまん	不满	N3	noun	购物消费
増やす	ふやす	增加（使）	N3	noun	购物消费
減らす	へらす	减少（使）	N3	noun	购物消费
合計	ごうけい	合计	N3	noun	购物消费
大胆	だいたん	大胆的	N3	noun	购物消费
ぼんやり	ぼんやり	恍惚地	N3	noun	购物消费
業績	ぎょうせき	业绩	N2	noun	购物消费
蓄える	たくわえる	储蓄	N2	noun	购物消费
費やす	ついやす	花费	N2	noun	购物消费
乏しい	とぼしい	贫乏的	N2	noun	购物消费
見積もり	みつもり	估价	N2	noun	购物消费
顧客	こきゃく	顾客	N2	noun	购物消费
苦情	くじょう	投诉	N2	noun	购物消费
こだわる	こだわる	讲究	N2	noun	购物消费
揃う	そろう	齐全	N2	noun	购物消费
いくつ	いくつ	几个；几岁	N5	noun	购物消费
いくら	いくら	多少；几个	N5	noun	购物消费
五つ	いつつ	五个	N5	noun	购物消费
売る	うる	卖	N5	noun	购物消费
上着	うわぎ	外套；夹克	N5	noun	购物消费
かばん	かばん	包；篮子	N5	noun	购物消费
花瓶	かびん	花瓶	N5	noun	购物消费
黄色	きいろ	黄色	N5	noun	购物消费
キロ; キログラム	キロ; キログラム	千克	N5	noun	购物消费
下さい	ください	请（接动词て形）	N5	noun	购物消费
グラム	グラム	克	N5	noun	购物消费
九つ	ここのつ	九个	N5	noun	购物消费
茶色	ちゃいろ	棕色；茶色	N5	noun	购物消费
並べる	ならべる	摆放；排列	N5	noun	购物消费
灰皿	はいざら	烟灰缸	N5	noun	购物消费
ボールペン	ボールペン	圆珠笔	N5	noun	购物消费
ポスト	ポスト	邮筒；职位	N5	noun	购物消费
丸い; 円い	まるい	圆的	N5	noun	购物消费
万年筆	まんねんひつ	钢笔	N5	noun	购物消费
六つ	むっつ	六个	N5	noun	购物消费
メートル	メートル	米	N5	noun	购物消费
八つ	やっつ	八个	N5	noun	购物消费
四つ	よっつ	四个	N5	noun	购物消费
ワイシャツ	ワイシャツ	衬衫	N5	noun	购物消费
贈り物	おくりもの	礼物	N4	noun	购物消费
包む	つつむ	包；裹	N4	noun	购物消费
品物	しなもの	商品；物品	N4	noun	购物消费
オーバー	オーバー	大衣；过度	N4	noun	购物消费
消しゴム	けしゴム	橡皮擦	N4	noun	购物消费
おつり	おつり	找零	N4	noun	购物消费
手袋	てぶくろ	手套	N4	noun	购物消费
プレゼント	プレゼント	礼物	N4	noun	购物消费
格好	かっこう	外表；样子	N4	noun	购物消费
支払	しはらい	支付；付款	N3	noun	购物消费
上等	じょうとう	上等	N3	noun	购物消费
商人	しょうにん	商人	N3	noun	购物消费
商売	しょうばい	买卖	N3	noun	购物消费
賞品	しょうひん	赏品	N3	noun	购物消费
信用	しんよう	信用	N3	noun	购物消费
製品	せいひん	产品	N3	noun	购物消费
代える	かえる	替换	N3	noun	购物消费
替える	かえる	替换	N3	noun	购物消费
換える	かえる	交换	N3	noun	购物消费
勘定	かんじょう	结账；计算	N3	noun	购物消费
金額	きんがく	金额	N3	noun	购物消费
金庫	きんこ	保险箱；金库	N3	noun	购物消费
金銭	きんせん	金钱	N3	noun	购物消费
金融	きんゆう	金融	N3	noun	购物消费
狂う	くるう	发疯；失常	N3	noun	购物消费
硬貨	こうか	硬币	N3	noun	购物消费
高価	こうか	高价	N3	noun	购物消费
財産	ざいさん	财产	N3	noun	购物消费
代金	だいきん	货款；费用	N3	noun	购物消费
銅貨	どうか	铜币	N3	noun	购物消费
包装	ほうそう	包装	N3	noun	购物消费
保証	ほしょう	保证	N3	noun	购物消费
保存	ほぞん	保存	N3	noun	购物消费
マーケット	マーケット	市场	N3	noun	购物消费
保障	ほしょう	保障	N3	noun	购物消费
売り上げ	うりあげ	销售额	N2	noun	购物消费
売り切れ	うりきれ	售罄	N2	noun	购物消费
売り切れる	うりきれる	卖完	N2	noun	购物消费
売行き	うれゆき	销路；销量	N2	noun	购物消费
売れ行き	うれゆき	销路；销量	N2	noun	购物消费
為替	かわせ	为替	N2	noun	购物消费
小遣い	こづかい	小遣	N2	noun	购物消费
サンプル	サンプル	样品	N2	noun	购物消费
賞金	しょうきん	赏金	N2	noun	购物消费
寸法	すんぽう	尺寸	N2	noun	购物消费
センチ	センチ	厘米	N2	noun	购物消费
速達	そくたつ	速达	N2	noun	购物消费
損得	そんとく	得失；利弊	N2	noun	购物消费
ダイヤモンド	ダイヤモンド	钻石	N2	noun	购物消费
縮める	ちぢめる	缩短	N2	noun	购物消费
チップ	チップ	小费	N2	noun	购物消费
潰す	つぶす	压碎	N2	noun	购物消费
潰れる	つぶれる	倒闭	N2	noun	购物消费
定価	ていか	定价	N2	noun	购物消费
定休日	ていきゅうび	定期休息日	N2	noun	购物消费
手頃	てごろ	合适的；适中的	N2	noun	购物消费
手ごろ	てごろ	合适的；适中的	N2	noun	购物消费
特売	とくばい	特卖	N2	noun	购物消费
売店	ばいてん	小卖部	N2	noun	购物消费
売買	ばいばい	买卖	N2	noun	购物消费
発売	はつばい	发售	N2	noun	购物消费
店屋	みせや	店铺	N2	noun	购物消费
儲かる	もうかる	赚钱	N2	noun	购物消费
儲ける	もうける	赚；生	N2	noun	购物消费
洋品店	ようひんてん	服装店	N2	noun	购物消费
喫茶店	きっさてん	咖啡店	N5	noun	食物料理
朝ご飯	あさごはん	早餐	N5	noun	食物料理
昼ご飯	ひるごはん	午餐	N5	noun	食物料理
晩ご飯	ばんごはん	晚餐	N5	noun	食物料理
おやつ	おやつ	零食	N2	noun	食物料理
牛肉	ぎゅうにく	牛肉	N5	noun	食物料理
豚肉	ぶたにく	猪肉	N5	noun	食物料理
鶏肉	とりにく	鸡肉	N5	noun	食物料理
果物	くだもの	水果	N5	noun	食物料理
卵	たまご	鸡蛋	N5	noun	食物料理
豆腐	とうふ	豆腐	N4	noun	食物料理
醤油	しょうゆ	酱油	N5	noun	食物料理
砂糖	さとう	糖	N5	noun	食物料理
酢	す	醋	N3	noun	食物料理
油	あぶら	油	N3	noun	食物料理
ソース	ソース	酱汁	N1	noun	食物料理
材料	ざいりょう	材料	N3	noun	食物料理
寿司	すし	寿司	N4	noun	食物料理
うどん	うどん	乌冬面	N2	noun	食物料理
丼	どんぶり	盖饭	N2	noun	食物料理
餃子	ぎょうざ	饺子	N4	noun	食物料理
焼肉	やきにく	烤肉	N4	noun	食物料理
デザート	デザート	甜点	N3	noun	食物料理
ケーキ	ケーキ	蛋糕	N4	noun	食物料理
アイスクリーム	アイスクリーム	冰淇淋	N3	noun	食物料理
チョコレート	チョコレート	巧克力	N4	noun	食物料理
お菓子	おかし	点心/零食	N5	noun	食物料理
お茶	おちゃ	茶	N5	noun	食物料理
紅茶	こうちゃ	红茶	N5	noun	食物料理
ジュース	ジュース	果汁	N3	noun	食物料理
ワイン	ワイン	葡萄酒	N3	noun	食物料理
日本酒	にほんしゅ	日本酒	N4	noun	食物料理
皿	さら	盘子	N3	noun	食物料理
茶碗	ちゃわん	碗	N5	noun	食物料理
スプーン	スプーン	勺子	N5	noun	食物料理
フォーク	フォーク	叉子	N5	noun	食物料理
ナイフ	ナイフ	刀	N5	noun	食物料理
食費	しょくひ	伙食费	N3	noun	食物料理
小麦粉	こむぎこ	面粉	N3	noun	食物料理
片栗粉	かたくりこ	淀粉	N3	noun	食物料理
だし	だし	高汤	N3	noun	食物料理
納豆	なっとう	纳豆	N3	noun	食物料理
漬物	つけもの	腌菜	N3	noun	食物料理
おかず	おかず	菜/配菜	N2	noun	食物料理
弁当箱	べんとうばこ	便当盒	N3	noun	食物料理
フライパン	フライパン	平底锅	N2	noun	食物料理
包丁	ほうちょう	菜刀	N2	noun	食物料理
炊飯器	すいはんき	电饭煲	N3	noun	食物料理
熱い	あつい	烫的	N5	noun	食物料理
まずい	まずい	难吃的/糟糕的	N5	noun	食物料理
辛い	からい	辣的	N5	noun	食物料理
苦い	にがい	苦的	N4	noun	食物料理
酸っぱい	すっぱい	酸的	N4	noun	食物料理
しょっぱい	しょっぱい	咸的	N3	noun	食物料理
濃い	こい	浓的	N3	noun	食物料理
物足りない	ものたりない	不够味/不满足	N1	noun	食物料理
お湯	おゆ	热水	N5	noun	食物料理
お酒	おさけ	酒	N5	noun	食物料理
米	こめ	米；大米	N5	noun	食物料理
食料品	しょくりょうひん	食品	N4	noun	食物料理
焼く	やく	烤；烧	N4	noun	食物料理
沸かす	わかす	烧开	N4	noun	食物料理
焼ける	やける	烤好；晒黑	N4	noun	食物料理
食器	しょっき	餐具	N3	noun	食物料理
種	たね	种子	N3	noun	食物料理
味わう	あじわう	品尝；体验	N2	noun	食物料理
飢える	うえる	饥饿	N2	noun	食物料理
噛む	かむ	咬	N2	noun	食物料理
くわえる	くわえる	咬住；添加	N2	noun	食物料理
お弁当	おべんとう	便当	N5	noun	食物料理
温い	ぬるい	温的；不冷不热	N5	noun	食物料理
バター	バター	黄油	N5	noun	食物料理
晩御飯	ばんごはん	晚餐	N5	noun	食物料理
昼御飯	ひるごはん	午餐	N5	noun	食物料理
サンドイッチ	サンドイッチ	三明治	N4	noun	食物料理
ぶどう	ぶどう	葡萄	N4	noun	食物料理
いただく	頂く	吃；喝；领受（谦逊语）	N4	noun	食物料理
漬ける	つける	腌制；泡	N4	noun	食物料理
ステーキ	ステーキ	牛排	N4	noun	食物料理
ジャム	ジャム	果酱	N4	noun	食物料理
ごちそう	ごちそう	盛宴；请客	N4	noun	食物料理
釣る	つる	钓鱼	N4	noun	食物料理
うまい	うまい	好吃；厉害	N4	noun	食物料理
ハンバーグ	ハンバーグ	汉堡肉饼	N4	noun	食物料理
召し上がる	めしあがる	吃；喝（敬语）	N4	noun	食物料理
アルコール	アルコール	酒精	N4	noun	食物料理
冷ます	さます	使冷却	N3	noun	食物料理
冷める	さめる	变凉；冷淡	N3	noun	食物料理
食卓	しょくたく	餐桌	N3	noun	食物料理
食物	しょくもつ	食物	N3	noun	食物料理
食料	しょくりょう	食物；粮食	N3	noun	食物料理
食糧	しょくりょう	粮食	N3	noun	食物料理
ウイスキー	ウイスキー	威士忌	N3	noun	食物料理
食う	くう	吃（粗俗）	N3	noun	食物料理
腐る	くさる	腐烂	N3	noun	食物料理
酌む	くむ	斟酒	N3	noun	食物料理
クリーム	クリーム	奶油	N3	noun	食物料理
咥える	くわえる	叼着	N3	noun	食物料理
穀物	こくもつ	谷物	N3	noun	食物料理
胡椒	こしょう	胡椒	N3	noun	食物料理
小麦	こむぎ	小麦	N3	noun	食物料理
盛り	さかり	一份；旺盛	N3	noun	食物料理
注す	さす	倒（饮料）；注入	N3	noun	食物料理
ミルク	ミルク	牛奶	N3	noun	食物料理
茹でる	ゆでる	煮沸	N3	noun	食物料理
湧く	わく	涌出	N3	noun	食物料理
炒める	いためる	炒；翻炒	N3	noun	食物料理
加味	かみ	考虑；调味	N3	noun	食物料理
蕎麦	そば	荞麦面	N3	noun	食物料理
チーズ	チーズ	奶酪	N3	noun	食物料理
煮える	にえる	煮沸	N3	noun	食物料理
煮る	にる	煮沸	N3	noun	食物料理
蒔く	まく	播种	N3	noun	食物料理
撒く	まく	散开	N3	noun	食物料理
衣食住	いしょくじゅう	衣食住行	N2	noun	食物料理
煎る	いる	煎；焙	N2	noun	食物料理
炒る	いる	炒；烘	N2	noun	食物料理
お代わり	おかわり	续杯；再来一份	N2	noun	食物料理
金魚	きんぎょ	金鱼	N2	noun	食物料理
コック	コック	厨师	N2	noun	食物料理
献立	こんだて	菜单	N2	noun	食物料理
酒場	さかば	酒场	N2	noun	食物料理
塩辛	しおから	盐辣（一种腌制食品）	N2	noun	食物料理
塩辛い	しおからい	咸的	N2	noun	食物料理
食塩	しょくえん	食盐	N2	noun	食物料理
水産	すいさん	水产	N2	noun	食物料理
炊事	すいじ	做饭；烹饪	N2	noun	食物料理
田植え	たうえ	插秧	N2	noun	食物料理
耕す	たがやす	耕种	N2	noun	食物料理
田ぼ	たんぼ	稻田	N2	noun	食物料理
調味料	ちょうみりょう	调味料	N2	noun	食物料理
溶かす	とかす	融化	N2	noun	食物料理
捕る	とる	捕捉	N2	noun	食物料理
匂う	におう	散发气味；芳香	N2	noun	食物料理
瓶詰	びんづめ	瓶诘	N2	noun	食物料理
実る	みのる	结果实；实现	N2	noun	食物料理
盛る	もる	盛（饭）	N2	noun	食物料理
ランチ	ランチ	午餐	N2	noun	食物料理
パスポート	パスポート	护照	N3	noun	行政手续
ビザ	ビザ	签证	N3	noun	行政手续
消費税	しょうひぜい	消费税	N3	noun	行政手续
法律	ほうりつ	法律	N4	noun	行政手续
権利	けんり	权利	N3	noun	行政手续
裁判	さいばん	审判	N3	noun	行政手续
選挙	せんきょ	选举	N3	noun	行政手续
政策	せいさく	政策	N1	noun	行政手续
規則	きそく	规则	N4	noun	行政手续
振込	ふりこみ	转账	N3	noun	行政手续
暗証番号	あんしょうばんごう	密码	N3	noun	行政手续
届出	とどけで	申报/申请书	N3	noun	行政手续
身分証	みぶんしょう	身份证	N3	noun	行政手续
住民票	じゅうみんひょう	住民票	N2	noun	行政手续
転出届	てんしゅつとどけ	迁出申报	N2	noun	行政手续
転入届	てんにゅうとどけ	迁入申报	N2	noun	行政手续
確定申告	かくていしんこく	报税	N2	noun	行政手续
源泉徴収	げんせんちょうしゅう	代扣代缴	N2	noun	行政手续
マイナンバー	マイナンバー	个人编号	N3	noun	行政手续
年齢	ねんれい	年龄	N4	noun	行政手续
許可	きょか	许可	N3	noun	行政手续
破る	やぶる	撕破；打破	N3	noun	行政手续
証拠	しょうこ	证据	N2	noun	行政手续
貿易	ぼうえき	贸易	N2	noun	行政手续
学問	がくもん	学问	N2	noun	行政手续
理論	りろん	理论	N2	noun	行政手续
趣旨	しゅし	宗旨	N2	noun	行政手续
施す	ほどこす	施行	N2	noun	行政手续
免れる	まぬがれる	免于	N2	noun	行政手续
不審	ふしん	可疑	N2	noun	行政手续
規制	きせい	管制	N2	noun	行政手续
緩和	かんわ	放宽	N2	noun	行政手续
撤廃	てっぱい	废除	N2	noun	行政手续
改革	かいかく	改革	N2	noun	行政手续
促進	そくしん	促进	N2	noun	行政手续
削減	さくげん	削减	N2	noun	行政手续
確保	かくほ	确保	N2	noun	行政手续
設立	せつりつ	设立	N2	noun	行政手续
廃止	はいし	废止	N2	noun	行政手续
経緯	けいい	经过	N2	noun	行政手续
移行	いこう	过渡	N2	noun	行政手续
改める	あらためる	改正	N2	noun	行政手续
申し込む	もうしこむ	申请	N2	noun	行政手续
万が一	まんがいち	万一	N2	noun	行政手续
おまわりさん	おまわりさん	警察	N5	noun	行政手续
警官	けいかん	警察	N5	noun	行政手续
大使館	たいしかん	大使馆	N5	noun	行政手续
うかがう	うかがう	拜访；请教（谦逊）	N4	noun	行政手续
致す	いたす	做（谦逊语）	N4	noun	行政手续
申し上げる	もうしあげる	说；告知（谦逊语）	N4	noun	行政手续
捕まえる	つかまえる	抓住	N4	noun	行政手续
公務員	こうむいん	公务员	N4	noun	行政手续
伺う	うかがう	拜访；请教（自谦语）	N4	noun	行政手续
尋ねる	たずねる	询问	N4	noun	行政手续
支給	しきゅう	发放；供给	N3	noun	行政手续
至急	しきゅう	至急	N3	noun	行政手续
署名	しょめい	签名	N3	noun	行政手续
審判	しんぱん	裁判；审判	N3	noun	行政手续
制限	せいげん	限制	N3	noun	行政手续
違反	いはん	违反	N3	noun	行政手续
議員	ぎいん	议员	N3	noun	行政手续
国籍	こくせき	国籍	N3	noun	行政手续
国会	こっかい	国会	N3	noun	行政手续
官僚	かんりょう	官僚	N3	noun	行政手续
逮捕	たいほ	逮捕	N3	noun	行政手续
投票	とうひょう	投票	N3	noun	行政手续
パイプ	パイプ	管子	N3	noun	行政手续
破産	はさん	破产	N3	noun	行政手续
精算	せいさん	精算	N3	noun	行政手续
成年	せいねん	成年	N3	noun	行政手续
倒産	とうさん	破产；倒闭	N3	noun	行政手续
補償	ほしょう	补償	N3	noun	行政手续
御中	おんちゅう	（信件敬称）公启	N2	noun	行政手续
開会	かいかい	开会	N2	noun	行政手续
解散	かいさん	解散	N2	noun	行政手续
改正	かいせい	修改；修订	N2	noun	行政手续
開通	かいつう	开通	N2	noun	行政手续
解放	かいほう	解放	N2	noun	行政手续
開放	かいほう	开放	N2	noun	行政手续
書留	かきとめ	书留	N2	noun	行政手续
可決	かけつ	通过（决议）	N2	noun	行政手续
課税	かぜい	课税	N2	noun	行政手续
過半数	かはんすう	过半数	N2	noun	行政手续
官庁	かんちょう	政府机关	N2	noun	行政手续
県庁	けんちょう	县政府	N2	noun	行政手续
公式	こうしき	公式	N2	noun	行政手续
公表	こうひょう	公布；发表	N2	noun	行政手续
公務	こうむ	公务	N2	noun	行政手续
氏名	しめい	姓名	N2	noun	行政手续
順序	じゅんじょ	顺序	N2	noun	行政手续
税関	ぜいかん	海关	N2	noun	行政手续
問い合わせ	といあわせ	咨询	N2	noun	行政手续
取り消す	とりけす	取消	N2	noun	行政手续
払い込む	はらいこむ	缴纳；汇入	N2	noun	行政手续
払い戻す	はらいもどす	退还；退款	N2	noun	行政手续
免税	めんぜい	免税	N2	noun	行政手续
郵便局	ゆうびんきょく	邮局	N5	noun	通信数码
パソコン	パソコン	电脑	N4	noun	通信数码
電池	でんち	电池	N2	noun	通信数码
充電器	じゅうでんき	充电器	N3	noun	通信数码
ゲーム	ゲーム	游戏	N3	noun	通信数码
チャンネル	チャンネル	频道	N1	noun	通信数码
動画	どうが	视频	N3	noun	通信数码
配信	はいしん	直播/发布	N3	noun	通信数码
パスワード	パスワード	密码	N3	noun	通信数码
アカウント	アカウント	账号	N3	noun	通信数码
通知	つうち	通知	N2	noun	通信数码
メッセージ	メッセージ	消息	N3	noun	通信数码
システム	システム	系统	N1	noun	通信数码
コンテンツ	コンテンツ	内容	N3	noun	通信数码
プラットフォーム	プラットフォーム	平台	N3	noun	通信数码
アップデート	アップデート	更新	N3	noun	通信数码
インストール	インストール	安装	N3	noun	通信数码
ダウンロード	ダウンロード	下载	N3	noun	通信数码
クラウド	クラウド	云	N3	noun	通信数码
AI	エーアイ	人工智能	N3	noun	通信数码
充電	じゅうでん	充电	N3	noun	通信数码
電波	でんぱ	信号	N2	noun	通信数码
圏外	けんがい	没信号	N3	noun	通信数码
着信	ちゃくしん	来电	N3	noun	通信数码
不在着信	ふざいちゃくしん	未接来电	N3	noun	通信数码
封筒	ふうとう	信封	N5	noun	通信数码
切手	きって	邮票	N5	noun	通信数码
ラジオ	らじお	收音机	N5	noun	通信数码
放送	ほうそう	广播	N3	noun	通信数码
ファイル	ふぁいる	文件	N3	noun	通信数码
機能	きのう	功能	N3	noun	通信数码
狙う	ねらう	瞄准	N3	noun	通信数码
読み取る	よみとる	读取	N2	noun	通信数码
テープレコーダー	テープレコーダー	录音机	N5	noun	通信数码
手紙	てがみ	信	N5	noun	通信数码
葉書	はがき	明信片	N5	noun	通信数码
フィルム	フィルム	胶卷	N5	noun	通信数码
もしもし	もしもし	喂（电话用语）	N5	noun	通信数码
ラジオカセ	ラジオカセ	收录机	N5	noun	通信数码
レコード	レコード	唱片	N5	noun	通信数码
ステレオ	ステレオ	立体声	N4	noun	通信数码
テキスト	テキスト	教材；课本	N4	noun	通信数码
知らせる	しらせる	通知	N4	noun	通信数码
スクリーン	スクリーン	屏幕	N4	noun	通信数码
ワープロ	ワープロ	文字处理机	N4	noun	通信数码
ファックス	ファックス	传真	N4	noun	通信数码
コンピュータ; コンピューター	コンピュータ; コンピューター	电脑	N4	noun	通信数码
ソフト	ソフト	软的；软件	N4	noun	通信数码
電報	でんぽう	电报	N4	noun	通信数码
刷る	する	印刷	N3	noun	通信数码
インク	インク	墨水	N3	noun	通信数码
インタビュー	インタビュー	采访	N3	noun	通信数码
引用	いんよう	引用	N3	noun	通信数码
映す	うつす	映照；投影	N3	noun	通信数码
写る	うつる	被拍到	N3	noun	通信数码
映る	うつる	映出；显得	N3	noun	通信数码
衛星	えいせい	卫星	N3	noun	通信数码
アンケート	アンケート	问卷	N3	noun	通信数码
計器	けいき	仪表；计量器	N3	noun	通信数码
装置	そうち	装置	N3	noun	通信数码
タイプライター	タイプライター	打字机	N3	noun	通信数码
中央	ちゅうおう	中央	N3	noun	通信数码
中心	ちゅうしん	中心	N3	noun	通信数码
通信	つうしん	通信	N3	noun	通信数码
デザイン	デザイン	设计	N3	noun	通信数码
図る	はかる	谋求；策划	N3	noun	通信数码
マスコミ	マスコミ	大众媒体	N3	noun	通信数码
アンテナ	アンテナ	天线	N2	noun	通信数码
オートメーション	オートメーション	自动化	N2	noun	通信数码
下線	かせん	下线	N2	noun	通信数码
加速	かそく	加速	N2	noun	通信数码
加速度	かそくど	加速度	N2	noun	通信数码
ジャーナリスト	ジャーナリスト	记者	N2	noun	通信数码
社説	しゃせつ	社论	N2	noun	通信数码
受話器	じゅわき	听筒	N2	noun	通信数码
スピーカー	スピーカー	扬声器	N2	noun	通信数码
性能	せいのう	性能	N2	noun	通信数码
接続	せつぞく	接续	N2	noun	通信数码
ダイヤル	ダイヤル	拨号盘	N2	noun	通信数码
直流	ちょくりゅう	直流	N2	noun	通信数码
電柱	でんちゅう	电线杆	N2	noun	通信数码
電流	でんりゅう	电流	N2	noun	通信数码
電力	でんりょく	电力	N2	noun	通信数码
内線	ないせん	内线	N2	noun	通信数码
発電	はつでん	发电	N2	noun	通信数码
方言	ほうげん	方言	N2	noun	通信数码
モーター	モーター	马达	N2	noun	通信数码
問答	もんどう	问答	N2	noun	通信数码
呼び出す	よびだす	叫出来	N2	noun	通信数码
臨時	りんじ	临时	N2	noun	通信数码
ローマ字	ローマじ	罗马字	N2	noun	通信数码
録音	ろくおん	录音	N2	noun	通信数码
台所	だいどころ	厨房	N5	noun	住房租房
居間	いま	客厅	N3	noun	住房租房
トイレ	トイレ	厕所	N5	noun	住房租房
階段	かいだん	楼梯	N5	noun	住房租房
屋上	おくじょう	楼顶	N4	noun	住房租房
庭	にわ	院子	N5	noun	住房租房
隅	すみ	角落	N4	noun	住房租房
枕	まくら	枕头	N2	noun	住房租房
机	つくえ	桌子	N5	noun	住房租房
ベッド	ベッド	床	N5	noun	住房租房
ソファ	ソファ	沙发	N4	noun	住房租房
天井	てんじょう	天花板	N3	noun	住房租房
電気	でんき	电/灯	N5	noun	住房租房
ガス	ガス	煤气	N4	noun	住房租房
水道	すいどう	自来水	N4	noun	住房租房
光熱費	こうねつひ	水电气费	N1	noun	住房租房
仲介	ちゅうかい	中介	N3	noun	住房租房
管理費	かんりひ	管理费	N3	noun	住房租房
更新料	こうしんりょう	续约费	N1	noun	住房租房
退去	たいきょ	退房/搬出	N3	noun	住房租房
暗い	くらい	暗的/阴暗的	N5	noun	住房租房
汚い	きたない	脏的	N5	noun	住房租房
居心地がいい	いごこちがいい	住着/待着舒服	N2	noun	住房租房
清潔	せいけつ	干净的	N3	noun	住房租房
快適	かいてき	舒适的	N3	noun	住房租房
門	もん	门	N5	noun	住房租房
泊まる	とまる	住宿	N4	noun	住房租房
留守	るす	不在家	N4	noun	住房租房
設備	せつび	设备	N3	noun	住房租房
建物	たてもの	建筑物	N3	noun	住房租房
工事	こうじ	施工	N3	noun	住房租房
据える	すえる	安放	N2	noun	住房租房
見据える	みすえる	正视	N2	noun	住房租房
居住	きょじゅう	居住	N2	noun	住房租房
契約書	けいやくしょ	合同书	N2	noun	住房租房
お手洗い	おてあらい	厕所	N5	noun	住房租房
お風呂	おふろ	浴缸；洗澡	N5	noun	住房租房
家庭	かてい	家；家庭	N5	noun	住房租房
本棚	ほんだな	书架	N5	noun	住房租房
お宅	おたく	您家；府上	N4	noun	住房租房
郊外	こうがい	郊外	N4	noun	住房租房
建てる	たてる	建造	N4	noun	住房租房
建て	～だて	～层（建筑）	N4	noun	住房租房
下宿	げしゅく	寄宿；公寓	N4	noun	住房租房
冷房	れいぼう	冷气；空调	N4	noun	住房租房
邪魔	じゃま	打扰；妨碍	N4	noun	住房租房
電灯	でんとう	电灯	N4	noun	住房租房
暖房	だんぼう	暖气	N4	noun	住房租房
住宅	じゅうたく	住宅	N3	noun	住房租房
書斎	しょさい	书房	N3	noun	住房租房
設計	せっけい	设计	N3	noun	住房租房
空き	あき	空位；空闲	N3	noun	住房租房
大家	おおや	房东	N3	noun	住房租房
片付く	かたづく	收拾好；解决	N3	noun	住房租房
建設	けんせつ	建设	N3	noun	住房租房
建築	けんちく	建筑	N3	noun	住房租房
小屋	こや	小屋；棚子	N3	noun	住房租房
屋根	やね	屋顶	N3	noun	住房租房
建つ	たつ	建成	N3	noun	住房租房
引越し	ひっこし	搬家	N3	noun	住房租房
雨戸	あまど	百叶窗板	N2	noun	住房租房
裏口	うらぐち	里口	N2	noun	住房租房
煙突	えんとつ	烟囱	N2	noun	住房租房
お参り	おまいり	参拜	N2	noun	住房租房
家屋	かおく	房屋	N2	noun	住房租房
垣根	かきね	篱笆	N2	noun	住房租房
貸間	かしま	貸间	N2	noun	住房租房
貸家	かしや	出租房	N2	noun	住房租房
客間	きゃくま	客厅；待客室	N2	noun	住房租房
下水	げすい	下水道	N2	noun	住房租房
校庭	こうてい	校园操场	N2	noun	住房租房
座敷	ざしき	日式房间；榻榻米房	N2	noun	住房租房
敷地	しきち	地皮；用地	N2	noun	住房租房
下町	したまち	老城区	N2	noun	住房租房
住居	じゅうきょ	住宅；居所	N2	noun	住房租房
住まい	すまい	住处；住所	N2	noun	住房租房
正門	せいもん	正门	N2	noun	住房租房
セメント	セメント	水泥	N2	noun	住房租房
団地	だんち	团地	N2	noun	住房租房
手洗い	てあらい	洗手间；洗手	N2	noun	住房租房
出入り	でいり	进出；来往	N2	noun	住房租房
出入口	でいりぐち	出入口	N2	noun	住房租房
出入り口	でいりぐち	出入口	N2	noun	住房租房
床の間	とこのま	壁龛	N2	noun	住房租房
戸棚	とだな	橱柜	N2	noun	住房租房
番地	ばんち	门牌号	N2	noun	住房租房
別荘	べっそう	别墅	N2	noun	住房租房
物置	ものおき	储物间	N2	noun	住房租房
家主	やぬし	房东	N2	noun	住房租房
呼び掛ける	よびかける	呼唤	N2	noun	住房租房
売る	うる	卖	?	verb	动词
勉強する	べんきょうする	学习	?	verb	动词
止める/やめる	とめる/やめる	停止/放弃	?	verb	动词
走る	はしる	跑	?	verb	动词
降りる	おりる	下车	?	verb	动词
貸す	かす	借出	?	verb	动词
見つける	みつける	找到	?	verb	动词
消す	けす	关/消除	?	verb	动词
つける	つける	开/贴/涂	?	verb	动词
壊す	こわす	弄坏	?	verb	动词
並べる	ならべる	排列	?	verb	动词
喜ぶ	よろこぶ	高兴	?	verb	动词
気づく	きづく	注意到	?	verb	动词
誘う	さそう	邀请	?	verb	动词
許す	ゆるす	原谅	?	verb	动词
信じる	しんじる	相信	?	verb	动词
褒める	ほめる	表扬	?	verb	动词
叱る	しかる	批评	?	verb	动词
比べる	くらべる	比较	?	verb	动词
確認する	かくにんする	确认	?	verb	动词
準備する	じゅんびする	准备	?	verb	动词
掃除する	そうじする	打扫	?	verb	动词
干す	ほす	晾	?	verb	动词
脱ぐ	ぬぐ	脱	?	verb	动词
起こす	おこす	叫醒/引起	?	verb	动词
倒れる	たおれる	倒下	?	verb	动词
運ぶ	はこぶ	搬运	?	verb	动词
通う	かよう	经常去	?	verb	动词
逃げる	にげる	逃跑	?	verb	动词
諦める	あきらめる	放弃	?	verb	动词
挑戦する	ちょうせんする	挑战	?	verb	动词
成功する	せいこうする	成功	?	verb	动词
失敗する	しっぱいする	失败	?	verb	动词
参加する	さんかする	参加	?	verb	动词
紹介する	しょうかいする	介绍	?	verb	动词
予約する	よやくする	预约	?	verb	动词
注文する	ちゅうもんする	点菜/订购	?	verb	动词
利用する	りようする	利用	?	verb	动词
連絡する	れんらくする	联系	?	verb	动词
相談する	そうだんする	商量	?	verb	动词
賛成する	さんせいする	赞成	?	verb	动词
反対する	はんたいする	反对	?	verb	动词
説明する	せつめいする	说明	?	verb	动词
理解する	りかいする	理解	?	verb	动词
経験する	けいけんする	经历	?	verb	动词
想像する	そうぞうする	想象	?	verb	动词
期待する	きたいする	期待	?	verb	动词
心配する	しんぱいする	担心	?	verb	动词
我慢する	がまんする	忍耐	?	verb	动词
感謝する	かんしゃする	感谢	?	verb	动词
後悔する	こうかいする	后悔	?	verb	动词
緊張する	きんちょうする	紧张	?	verb	动词
安心する	あんしんする	安心	?	verb	动词
起こる	おこる	发生	?	verb	动词
余る	あまる	剩余	?	verb	动词
痩せる	やせる	瘦	?	verb	动词
太る	ふとる	胖	?	verb	动词
死ぬ	しぬ	死	?	verb	动词
成長する	せいちょうする	成长	?	verb	动词
迷惑をかける	めいわくをかける	添麻烦	?	verb	动词
関係する	かんけいする	有关	?	verb	动词
影響する	えいきょうする	影响	?	verb	动词
注意する	ちゅういする	注意	?	verb	动词
努力する	どりょくする	努力	?	verb	动词
集中する	しゅうちゅうする	集中	?	verb	动词
完成する	かんせいする	完成	?	verb	动词
出発する	しゅっぱつする	出发	?	verb	动词
到着する	とうちゃくする	到达	?	verb	动词
卒業する	そつぎょうする	毕业	?	verb	动词
就職する	しゅうしょくする	就职	?	verb	动词
結婚する	けっこんする	结婚	?	verb	动词
離婚する	りこんする	离婚	?	verb	动词
引退する	いんたいする	退役/退休	?	verb	动词
存在する	そんざいする	存在	?	verb	动词
発見する	はっけんする	发现	?	verb	动词
実現する	じつげんする	实现	?	verb	动词
解決する	かいけつする	解决	?	verb	动词
対応する	たいおうする	应对	?	verb	动词
交換する	こうかんする	交换	?	verb	动词
翻訳する	ほんやくする	翻译	?	verb	动词
代わる	かわる	代替	?	verb	动词
終える	おえる	完成/结束	?	verb	动词
向き合う	むきあう	面对	?	verb	动词
乗り越える	のりこえる	克服	?	verb	动词
立ち直る	たちなおる	恢复/振作	?	verb	动词
見守る	みまもる	守护/观望	?	verb	动词
打ち明ける	うちあける	坦白	?	verb	动词
やり遂げる	やりとげる	完成	?	verb	动词
